Workbook

Sheet GPUs
A1: GPU Specification Weights per Task | G1: CUDA Ready | H1: FP16 | I1: FP32 | J1: FP64 | K1: Base Clock | L1: Turbo Clock | M1: Pixel Fill Rate | N1: Texture Units | O1: RT Cores | Q1: Memory Capacity | R1: Memory Bus Width | S1: Memory Speed | T1: Power | AC1: Task
A2: Gaming | H2: 0 | I2: 0.05 | J2: 0 | K2: 0.15 | L2: 0.25 | M2: 0.1 | N2: 0.1 | O2: 0.1 | Q2: 0.1 | R2: 0.1 | S2: 0.1 | T2: 0.05 | AC2: Gaming | AD2: ML/AI | AE2: HPC | AF2: 3D Rendering
A3: ML/AI | H3: 0.3 | I3: 0.2 | J3: 0.05 | K3: 0.05 | L3: 0.05 | M3: 0 | N3: 0 | O3: 0 | Q3: 0.2 | R3: 0.1 | S3: 0.05 | T3: 0.05 | AC3: 3 | AD3: 10 | AE3: 2 | AF3: 3
A4: HPC | H4: 0 | I4: 0.15 | J4: 0.35 | K4: 0.05 | L4: 0 | M4: 0 | N4: 0 | O4: 0 | Q4: 0.15 | R4: 0.15 | S4: 0.1 | T4: 0
A5: 3D Rendering | H5: 0.05 | I5: 0.2 | J5: 0 | K5: 0.1 | L5: 0.1 | M5: 0.05 | N5: 0.05 | O5: 0.1 | Q5: 0.1 | R5: 0.1 | S5: 0.1 | T5: 0.05
A7: Scaling Factor | H7: 0.85 | I7: 0.9 | J7: 0.8 | K7: 0.9 | L7: 0.9 | M7: 0.85 | N7: 0.85 | O7: 0.8 | Q7: 0.65 | R7: 0.75 | S7: 0.8 | T7: -0.5
A8: GPU | B8: Code | C8: Brand | D8: Manufacturer | E8: Series | F8: Model | G8: CUDA Ready | H8: FP16 | I8: FP32 | J8: FP64 | K8: Base Clock | L8: Turbo Clock | M8: Pixel Fill Rate | N8: Texture Units | O8: RT Cores | P8: VRAM Type | Q8: Memory Capacity | R8: Memory Bus Width | S8: Memory Speed | T8: Power | U8: Power Connection | V8: PCIe Version | W8: Physical Lanes | X8: Wired Lanes | Y8: Price Min | Z8: Price Max | AA8: Link | AB8: Product | AC8: Gaming Score | AD8: ML/AI Score | AE8: HPC Score | AF8: 3D Rendering Score | AG8: Task Score
A9: NVIDIA GeForce RTX 3050 6GB | C9: NVIDIA | E9: RTX 3000 | F9: 3050 6GB | G9: 1 | H9: =AVERAGEIF('GPUs Products'!F$9:F$616,GPUs!F9,'GPUs Products'!H$9:H$616) -> 6.86 | I9: =AVERAGEIF('GPUs Products'!F$9:F$616,GPUs!F9,'GPUs Products'!I$9:I$616) -> 6.86 | J9: =AVERAGEIF('GPUs Products'!F$9:F$616,GPUs!F9,'GPUs Products'!J$9:J$616) -> 0.11 | K9: =AVERAGEIF('GPUs Products'!F$9:F$616,GPUs!F9,'GPUs Products'!K$9:K$616) -> 1750 | L9: =AVERAGEIF('GPUs Products'!F$9:F$616,GPUs!F9,'GPUs Products'!L$9:L$616) -> 1750 | M9: =AVERAGEIF('GPUs Products'!F$9:F$616,GPUs!F9,'GPUs Products'!M$9:M$616) -> 33.34 | N9: =AVERAGEIF('GPUs Products'!F$9:F$616,GPUs!F9,'GPUs Products'!N$9:N$616) -> 75.02 | O9: =AVERAGEIF('GPUs Products'!F$9:F$616,GPUs!F9,'GPUs Products'!O$9:O$616) -> 20 | P9: GDDR6 | Q9: =AVERAGEIF('GPUs Products'!F$9:F$616,GPUs!F9,'GPUs Products'!Q$9:Q$616) -> 6 | R9: =AVERAGEIF('GPUs Products'!F$9:F$616,GPUs!F9,'GPUs Products'!R$9:R$616) -> 96 | S9: =AVERAGEIF('GPUs Products'!F$9:F$616,GPUs!F9,'GPUs Products'!S$9:S$616) -> 14 | T9: =AVERAGEIF('GPUs Products'!F$9:F$616,GPUs!F9,'GPUs Products'!T$9:T$616) -> 70 | U9: - | V9: 4 | W9: 16 | X9: 8 | Y9: =AVERAGEIF('GPUs Products'!F$9:F$616,GPUs!F9,'GPUs Products'!Y$9:Y$616) -> 203.80333 | Z9: =AVERAGEIF('GPUs Products'!F$9:F$616,GPUs!F9,'GPUs Products'!Y$9:Y$616) -> 203.80333 | AC9: 1 | AD9: 1 | AE9: 1 | AF9: 1 | AG9: {=SUMPRODUCT(AC9:AF9 * AC$3:AF$3) / SUM(AC$3:AF$3)} -> 1
A10: NVIDIA GeForce RTX 3050 8GB | C10: NVIDIA | E10: RTX 3000 | F10: 3050 8GB | G10: 1 | H10: =AVERAGEIF('GPUs Products'!F$9:F$616,GPUs!F10,'GPUs Products'!H$9:H$616) -> 9.2251724 | I10: =AVERAGEIF('GPUs Products'!F$9:F$616,GPUs!F10,'GPUs Products'!I$9:I$616) -> 9.2251724 | J10: =AVERAGEIF('GPUs Products'!F$9:F$616,GPUs!F10,'GPUs Products'!J$9:J$616) -> 0.14241379 | K10: =AVERAGEIF('GPUs Products'!F$9:F$616,GPUs!F10,'GPUs Products'!K$9:K$616) -> 1750 | L10: =AVERAGEIF('GPUs Products'!F$9:F$616,GPUs!F10,'GPUs Products'!L$9:L$616) -> 1801.6207 | M10: =AVERAGEIF('GPUs Products'!F$9:F$616,GPUs!F10,'GPUs Products'!M$9:M$616) -> 49.46 | N10: =AVERAGEIF('GPUs Products'!F$9:F$616,GPUs!F10,'GPUs Products'!N$9:N$616) -> 124.2 | O10: =AVERAGEIF('GPUs Products'!F$9:F$616,GPUs!F10,'GPUs Products'!O$9:O$616) -> 30 | P10: GDDR6 | Q10: =AVERAGEIF('GPUs Products'!F$9:F$616,GPUs!F10,'GPUs Products'!Q$9:Q$616) -> 8 | R10: =AVERAGEIF('GPUs Products'!F$9:F$616,GPUs!F10,'GPUs Products'!R$9:R$616) -> 128 | S10: =AVERAGEIF('GPUs Products'!F$9:F$616,GPUs!F10,'GPUs Products'!S$9:S$616) -> 14 | T10: =AVERAGEIF('GPUs Products'!F$9:F$616,GPUs!F10,'GPUs Products'!T$9:T$616) -> 128.44828 | U10: 1x 6-Pin PCIe | V10: 4 | W10: 16 | X10: 8 | Y10: =AVERAGEIF('GPUs Products'!F$9:F$616,GPUs!F10,'GPUs Products'!Y$9:Y$616) -> 292.99103 | Z10: =AVERAGEIF('GPUs Products'!F$9:F$616,GPUs!F10,'GPUs Products'!Y$9:Y$616) -> 292.99103 | AC10: {=(SUMPRODUCT((H10:O10/H$9:O$9)^H$7:O$7*H$2:O$2)+SUMPRODUCT((Q10:T10/Q$9:T$9)^Q$7:T$7*Q$2:T$2))*(0.8^(1-G10))*AC$9} -> 1.2850996 | AD10: {=(SUMPRODUCT((H10:O10/H$9:O$9)^H$7:O$7*H$3:O$3)+SUMPRODUCT((Q10:T10/Q$9:T$9)^Q$7:T$7*Q$3:T$3))*(0.1^(1-G10))*AD$9} -> 1.2619202 | AE10: {=(SUMPRODUCT((H10:O10/H$9:O$9)^H$7:O$7*H$4:O$4)+SUMPRODUCT((Q10:T10/Q$9:T$9)^Q$7:T$7*Q$4:T$4))*AE$9} -> 1.1431166 | AF10: {=(SUMPRODUCT((H10:O10/H$9:O$9)^H$7:O$7*H$5:O$5)+SUMPRODUCT((Q10:T10/Q$9:T$9)^Q$7:T$7*Q$5:T$5))*AF$9} -> 1.1946054 | AG10: {=SUMPRODUCT(AC10:AF10 * AC$3:AF$3) / SUM(AC$3:AF$3)} -> 1.2413639
A11: NVIDIA GeForce RTX 3060 8GB | C11: NVIDIA | E11: RTX 3000 | F11: 3060 8GB | G11: 1 | H11: =AVERAGEIF('GPUs Products'!F$9:F$616,GPUs!F11,'GPUs Products'!H$9:H$616) -> 12.961818 | I11: =AVERAGEIF('GPUs Products'!F$9:F$616,GPUs!F11,'GPUs Products'!I$9:I$616) -> 12.961818 | J11: =AVERAGEIF('GPUs Products'!F$9:F$616,GPUs!F11,'GPUs Products'!J$9:J$616) -> 0.20181818 | K11: =AVERAGEIF('GPUs Products'!F$9:F$616,GPUs!F11,'GPUs Products'!K$9:K$616) -> 1875 | L11: =AVERAGEIF('GPUs Products'!F$9:F$616,GPUs!F11,'GPUs Products'!L$9:L$616) -> 1808.3636 | M11: =AVERAGEIF('GPUs Products'!F$9:F$616,GPUs!F11,'GPUs Products'!M$9:M$616) -> 63.36 | N11: =AVERAGEIF('GPUs Products'!F$9:F$616,GPUs!F11,'GPUs Products'!N$9:N$616) -> 85.29 | O11: =AVERAGEIF('GPUs Products'!F$9:F$616,GPUs!F11,'GPUs Products'!O$9:O$616) -> 28 | P11: GDDR6 | Q11: =AVERAGEIF('GPUs Products'!F$9:F$616,GPUs!F11,'GPUs Products'!Q$9:Q$616) -> 8 | R11: =AVERAGEIF('GPUs Products'!F$9:F$616,GPUs!F11,'GPUs Products'!R$9:R$616) -> 128 | S11: =AVERAGEIF('GPUs Products'!F$9:F$616,GPUs!F11,'GPUs Products'!S$9:S$616) -> 15 | T11: =AVERAGEIF('GPUs Products'!F$9:F$616,GPUs!F11,'GPUs Products'!T$9:T$616) -> 170 | U11: 1x 8-Pin PCIe | V11: 4 | W11: 16 | X11: 16 | Y11: =AVERAGEIF('GPUs Products'!F$9:F$616,GPUs!F11,'GPUs Products'!Y$9:Y$616) -> 413.69 | Z11: =AVERAGEIF('GPUs Products'!F$9:F$616,GPUs!F11,'GPUs Products'!Y$9:Y$616) -> 413.69 | AC11: {=(SUMPRODUCT((H11:O11/H$9:O$9)^H$7:O$7*H$2:O$2)+SUMPRODUCT((Q11:T11/Q$9:T$9)^Q$7:T$7*Q$2:T$2))*(0.8^(1-G11))*AC$9} -> 1.3031562 | AD11: {=(SUMPRODUCT((H11:O11/H$9:O$9)^H$7:O$7*H$3:O$3)+SUMPRODUCT((Q11:T11/Q$9:T$9)^Q$7:T$7*Q$3:T$3))*(0.1^(1-G11))*AD$9} -> 1.5059195 | AE11: {=(SUMPRODUCT((H11:O11/H$9:O$9)^H$7:O$7*H$4:O$4)+SUMPRODUCT((Q11:T11/Q$9:T$9)^Q$7:T$7*Q$4:T$4))*AE$9} -> 1.3605418 | AF11: {=(SUMPRODUCT((H11:O11/H$9:O$9)^H$7:O$7*H$5:O$5)+SUMPRODUCT((Q11:T11/Q$9:T$9)^Q$7:T$7*Q$5:T$5))*AF$9} -> 1.3052237 | AG11: {=SUMPRODUCT(AC11:AF11 * AC$3:AF$3) / SUM(AC$3:AF$3)} -> 1.4225232
A12: NVIDIA GeForce RTX 3060 12GB | C12: NVIDIA | E12: RTX 3000 | F12: 3060 12GB | G12: 1 | H12: =AVERAGEIF('GPUs Products'!F$9:F$616,GPUs!F12,'GPUs Products'!H$9:H$616) -> 13.056087 | I12: =AVERAGEIF('GPUs Products'!F$9:F$616,GPUs!F12,'GPUs Products'!I$9:I$616) -> 13.056087 | J12: =AVERAGEIF('GPUs Products'!F$9:F$616,GPUs!F12,'GPUs Products'!J$9:J$616) -> 0.20391304 | K12: =AVERAGEIF('GPUs Products'!F$9:F$616,GPUs!F12,'GPUs Products'!K$9:K$616) -> 1875 | L12: =AVERAGEIF('GPUs Products'!F$9:F$616,GPUs!F12,'GPUs Products'!L$9:L$616) -> 1821.3478 | M12: =AVERAGEIF('GPUs Products'!F$9:F$616,GPUs!F12,'GPUs Products'!M$9:M$616) -> 63.36 | N12: =AVERAGEIF('GPUs Products'!F$9:F$616,GPUs!F12,'GPUs Products'!N$9:N$616) -> 85.29 | O12: =AVERAGEIF('GPUs Products'!F$9:F$616,GPUs!F12,'GPUs Products'!O$9:O$616) -> 28 | P12: GDDR6 | Q12: =AVERAGEIF('GPUs Products'!F$9:F$616,GPUs!F12,'GPUs Products'!Q$9:Q$616) -> 12 | R12: =AVERAGEIF('GPUs Products'!F$9:F$616,GPUs!F12,'GPUs Products'!R$9:R$616) -> 192 | S12: =AVERAGEIF('GPUs Products'!F$9:F$616,GPUs!F12,'GPUs Products'!S$9:S$616) -> 15 | T12: =AVERAGEIF('GPUs Products'!F$9:F$616,GPUs!F12,'GPUs Products'!T$9:T$616) -> 170 | U12: 1x 8-Pin PCIe | V12: 4 | W12: 16 | X12: 16 | Y12: =AVERAGEIF('GPUs Products'!F$9:F$616,GPUs!F12,'GPUs Products'!Y$9:Y$616) -> 532.95348 | Z12: =AVERAGEIF('GPUs Products'!F$9:F$616,GPUs!F12,'GPUs Products'!Y$9:Y$616) -> 532.95348 | AC12: {=(SUMPRODUCT((H12:O12/H$9:O$9)^H$7:O$7*H$2:O$2)+SUMPRODUCT((Q12:T12/Q$9:T$9)^Q$7:T$7*Q$2:T$2))*(0.8^(1-G12))*AC$9} -> 1.3858531 | AD12: {=(SUMPRODUCT((H12:O12/H$9:O$9)^H$7:O$7*H$3:O$3)+SUMPRODUCT((Q12:T12/Q$9:T$9)^Q$7:T$7*Q$3:T$3))*(0.1^(1-G12))*AD$9} -> 1.6292382 | AE12: {=(SUMPRODUCT((H12:O12/H$9:O$9)^H$7:O$7*H$4:O$4)+SUMPRODUCT((Q12:T12/Q$9:T$9)^Q$7:T$7*Q$4:T$4))*AE$9} -> 1.4876803 | AF12: {=(SUMPRODUCT((H12:O12/H$9:O$9)^H$7:O$7*H$5:O$5)+SUMPRODUCT((Q12:T12/Q$9:T$9)^Q$7:T$7*Q$5:T$5))*AF$9} -> 1.3891933 | AG12: {=SUMPRODUCT(AC12:AF12 * AC$3:AF$3) / SUM(AC$3:AF$3)} -> 1.5329379
A13: NVIDIA GeForce RTX 3060 Ti 8GB | C13: NVIDIA | E13: RTX 3000 | F13: 3060 Ti 8GB | G13: 1 | H13: =AVERAGEIF('GPUs Products'!F$9:F$616,GPUs!F13,'GPUs Products'!H$9:H$616) -> 16.795 | I13: =AVERAGEIF('GPUs Products'!F$9:F$616,GPUs!F13,'GPUs Products'!I$9:I$616) -> 16.795 | J13: =AVERAGEIF('GPUs Products'!F$9:F$616,GPUs!F13,'GPUs Products'!J$9:J$616) -> 0.263 | K13: =AVERAGEIF('GPUs Products'!F$9:F$616,GPUs!F13,'GPUs Products'!K$9:K$616) -> 1553.3 | L13: =AVERAGEIF('GPUs Products'!F$9:F$616,GPUs!F13,'GPUs Products'!L$9:L$616) -> 1726.5 | M13: =AVERAGEIF('GPUs Products'!F$9:F$616,GPUs!F13,'GPUs Products'!M$9:M$616) -> 112.8 | N13: =AVERAGEIF('GPUs Products'!F$9:F$616,GPUs!F13,'GPUs Products'!N$9:N$616) -> 214.3 | O13: =AVERAGEIF('GPUs Products'!F$9:F$616,GPUs!F13,'GPUs Products'!O$9:O$616) -> 38 | P13: GDDR6X | Q13: =AVERAGEIF('GPUs Products'!F$9:F$616,GPUs!F13,'GPUs Products'!Q$9:Q$616) -> 8 | R13: =AVERAGEIF('GPUs Products'!F$9:F$616,GPUs!F13,'GPUs Products'!R$9:R$616) -> 256 | S13: =AVERAGEIF('GPUs Products'!F$9:F$616,GPUs!F13,'GPUs Products'!S$9:S$616) -> 15.75 | T13: =AVERAGEIF('GPUs Products'!F$9:F$616,GPUs!F13,'GPUs Products'!T$9:T$616) -> 203 | U13: 2x 8-Pin PCIe | V13: 4 | W13: 16 | X13: 16 | Y13: =AVERAGEIF('GPUs Products'!F$9:F$616,GPUs!F13,'GPUs Products'!Y$9:Y$616) -> 810.904 | Z13: =AVERAGEIF('GPUs Products'!F$9:F$616,GPUs!F13,'GPUs Products'!Y$9:Y$616) -> 810.904 | AC13: {=(SUMPRODUCT((H13:O13/H$9:O$9)^H$7:O$7*H$2:O$2)+SUMPRODUCT((Q13:T13/Q$9:T$9)^Q$7:T$7*Q$2:T$2))*(0.8^(1-G13))*AC$9} -> 1.6550786 | AD13: {=(SUMPRODUCT((H13:O13/H$9:O$9)^H$7:O$7*H$3:O$3)+SUMPRODUCT((Q13:T13/Q$9:T$9)^Q$7:T$7*Q$3:T$3))*(0.1^(1-G13))*AD$9} -> 1.8187127 | AE13: {=(SUMPRODUCT((H13:O13/H$9:O$9)^H$7:O$7*H$4:O$4)+SUMPRODUCT((Q13:T13/Q$9:T$9)^Q$7:T$7*Q$4:T$4))*AE$9} -> 1.6873786 | AF13: {=(SUMPRODUCT((H13:O13/H$9:O$9)^H$7:O$7*H$5:O$5)+SUMPRODUCT((Q13:T13/Q$9:T$9)^Q$7:T$7*Q$5:T$5))*AF$9} -> 1.6418712 | AG13: {=SUMPRODUCT(AC13:AF13 * AC$3:AF$3) / SUM(AC$3:AF$3)} -> 1.7473741
A14: NVIDIA GeForce RTX 3070 8GB | C14: NVIDIA | E14: RTX 3000 | F14: 3070 8GB | G14: 1 | H14: =AVERAGEIF('GPUs Products'!F$9:F$616,GPUs!F14,'GPUs Products'!H$9:H$616) -> 21.062857 | I14: =AVERAGEIF('GPUs Products'!F$9:F$616,GPUs!F14,'GPUs Products'!I$9:I$616) -> 21.062857 | J14: =AVERAGEIF('GPUs Products'!F$9:F$616,GPUs!F14,'GPUs Products'!J$9:J$616) -> 0.32857143 | K14: =AVERAGEIF('GPUs Products'!F$9:F$616,GPUs!F14,'GPUs Products'!K$9:K$616) -> 1750 | L14: =AVERAGEIF('GPUs Products'!F$9:F$616,GPUs!F14,'GPUs Products'!L$9:L$616) -> 1788.5714 | M14: =AVERAGEIF('GPUs Products'!F$9:F$616,GPUs!F14,'GPUs Products'!M$9:M$616) -> 144 | N14: =AVERAGEIF('GPUs Products'!F$9:F$616,GPUs!F14,'GPUs Products'!N$9:N$616) -> 276 | O14: =AVERAGEIF('GPUs Products'!F$9:F$616,GPUs!F14,'GPUs Products'!O$9:O$616) -> 46 | P14: GDDR6 | Q14: =AVERAGEIF('GPUs Products'!F$9:F$616,GPUs!F14,'GPUs Products'!Q$9:Q$616) -> 8 | R14: =AVERAGEIF('GPUs Products'!F$9:F$616,GPUs!F14,'GPUs Products'!R$9:R$616) -> 256 | S14: =AVERAGEIF('GPUs Products'!F$9:F$616,GPUs!F14,'GPUs Products'!S$9:S$616) -> 14 | T14: =AVERAGEIF('GPUs Products'!F$9:F$616,GPUs!F14,'GPUs Products'!T$9:T$616) -> 220.95238 | U14: 2x 8-Pin PCIe | V14: 4 | W14: 16 | X14: 16 | Y14: =AVERAGEIF('GPUs Products'!F$9:F$616,GPUs!F14,'GPUs Products'!Y$9:Y$616) -> 875.28476 | Z14: =AVERAGEIF('GPUs Products'!F$9:F$616,GPUs!F14,'GPUs Products'!Y$9:Y$616) -> 875.28476 | AC14: {=(SUMPRODUCT((H14:O14/H$9:O$9)^H$7:O$7*H$2:O$2)+SUMPRODUCT((Q14:T14/Q$9:T$9)^Q$7:T$7*Q$2:T$2))*(0.8^(1-G14))*AC$9} -> 1.8436812 | AD14: {=(SUMPRODUCT((H14:O14/H$9:O$9)^H$7:O$7*H$3:O$3)+SUMPRODUCT((Q14:T14/Q$9:T$9)^Q$7:T$7*Q$3:T$3))*(0.1^(1-G14))*AD$9} -> 2.0763014 | AE14: {=(SUMPRODUCT((H14:O14/H$9:O$9)^H$7:O$7*H$4:O$4)+SUMPRODUCT((Q14:T14/Q$9:T$9)^Q$7:T$7*Q$4:T$4))*AE$9} -> 1.8955032 | AF14: {=(SUMPRODUCT((H14:O14/H$9:O$9)^H$7:O$7*H$5:O$5)+SUMPRODUCT((Q14:T14/Q$9:T$9)^Q$7:T$7*Q$5:T$5))*AF$9} -> 1.8574326 | AG14: {=SUMPRODUCT(AC14:AF14 * AC$3:AF$3) / SUM(AC$3:AF$3)} -> 1.9809646
A15: NVIDIA GeForce RTX 3070 Ti 8GB | C15: NVIDIA | E15: RTX 3000 | F15: 3070 Ti 8GB | G15: 1 | H15: =AVERAGEIF('GPUs Products'!F$9:F$616,GPUs!F15,'GPUs Products'!H$9:H$616) -> 22.256875 | I15: =AVERAGEIF('GPUs Products'!F$9:F$616,GPUs!F15,'GPUs Products'!I$9:I$616) -> 22.256875 | J15: =AVERAGEIF('GPUs Products'!F$9:F$616,GPUs!F15,'GPUs Products'!J$9:J$616) -> 0.348125 | K15: =AVERAGEIF('GPUs Products'!F$9:F$616,GPUs!F15,'GPUs Products'!K$9:K$616) -> 1188 | L15: =AVERAGEIF('GPUs Products'!F$9:F$616,GPUs!F15,'GPUs Products'!L$9:L$616) -> 1811.25 | M15: =AVERAGEIF('GPUs Products'!F$9:F$616,GPUs!F15,'GPUs Products'!M$9:M$616) -> 151.6 | N15: =AVERAGEIF('GPUs Products'!F$9:F$616,GPUs!F15,'GPUs Products'!N$9:N$616) -> 303.3 | O15: =AVERAGEIF('GPUs Products'!F$9:F$616,GPUs!F15,'GPUs Products'!O$9:O$616) -> 48 | P15: GDDR6X | Q15: =AVERAGEIF('GPUs Products'!F$9:F$616,GPUs!F15,'GPUs Products'!Q$9:Q$616) -> 8 | R15: =AVERAGEIF('GPUs Products'!F$9:F$616,GPUs!F15,'GPUs Products'!R$9:R$616) -> 256 | S15: =AVERAGEIF('GPUs Products'!F$9:F$616,GPUs!F15,'GPUs Products'!S$9:S$616) -> 19 | T15: =AVERAGEIF('GPUs Products'!F$9:F$616,GPUs!F15,'GPUs Products'!T$9:T$616) -> 291.25 | U15: 2x 8-Pin PCIe | V15: 4 | W15: 16 | X15: 16 | Y15: =AVERAGEIF('GPUs Products'!F$9:F$616,GPUs!F15,'GPUs Products'!Y$9:Y$616) -> 919.61187 | Z15: =AVERAGEIF('GPUs Products'!F$9:F$616,GPUs!F15,'GPUs Products'!Y$9:Y$616) -> 919.61187 | AC15: {=(SUMPRODUCT((H15:O15/H$9:O$9)^H$7:O$7*H$2:O$2)+SUMPRODUCT((Q15:T15/Q$9:T$9)^Q$7:T$7*Q$2:T$2))*(0.8^(1-G15))*AC$9} -> 1.8809647 | AD15: {=(SUMPRODUCT((H15:O15/H$9:O$9)^H$7:O$7*H$3:O$3)+SUMPRODUCT((Q15:T15/Q$9:T$9)^Q$7:T$7*Q$3:T$3))*(0.1^(1-G15))*AD$9} -> 2.1433335 | AE15: {=(SUMPRODUCT((H15:O15/H$9:O$9)^H$7:O$7*H$4:O$4)+SUMPRODUCT((Q15:T15/Q$9:T$9)^Q$7:T$7*Q$4:T$4))*AE$9} -> 1.9691625 | AF15: {=(SUMPRODUCT((H15:O15/H$9:O$9)^H$7:O$7*H$5:O$5)+SUMPRODUCT((Q15:T15/Q$9:T$9)^Q$7:T$7*Q$5:T$5))*AF$9} -> 1.9144807 | AG15: {=SUMPRODUCT(AC15:AF15 * AC$3:AF$3) / SUM(AC$3:AF$3)} -> 2.0421109
A16: NVIDIA GeForce RTX 3080 10GB | C16: NVIDIA | E16: RTX 3000 | F16: 3080 10GB | G16: 1 | H16: =AVERAGEIF('GPUs Products'!F$9:F$616,GPUs!F16,'GPUs Products'!H$9:H$616) -> 31.494615 | I16: =AVERAGEIF('GPUs Products'!F$9:F$616,GPUs!F16,'GPUs Products'!I$9:I$616) -> 31.494615 | J16: =AVERAGEIF('GPUs Products'!F$9:F$616,GPUs!F16,'GPUs Products'!J$9:J$616) -> 0.49230769 | K16: =AVERAGEIF('GPUs Products'!F$9:F$616,GPUs!F16,'GPUs Products'!K$9:K$616) -> 1188 | L16: =AVERAGEIF('GPUs Products'!F$9:F$616,GPUs!F16,'GPUs Products'!L$9:L$616) -> 1809.2308 | M16: =AVERAGEIF('GPUs Products'!F$9:F$616,GPUs!F16,'GPUs Products'!M$9:M$616) -> 138.2 | N16: =AVERAGEIF('GPUs Products'!F$9:F$616,GPUs!F16,'GPUs Products'!N$9:N$616) -> 391.7 | O16: =AVERAGEIF('GPUs Products'!F$9:F$616,GPUs!F16,'GPUs Products'!O$9:O$616) -> 68 | P16: GDDR6X | Q16: =AVERAGEIF('GPUs Products'!F$9:F$616,GPUs!F16,'GPUs Products'!Q$9:Q$616) -> 10 | R16: =AVERAGEIF('GPUs Products'!F$9:F$616,GPUs!F16,'GPUs Products'!R$9:R$616) -> 320 | S16: =AVERAGEIF('GPUs Products'!F$9:F$616,GPUs!F16,'GPUs Products'!S$9:S$616) -> 19 | T16: =AVERAGEIF('GPUs Products'!F$9:F$616,GPUs!F16,'GPUs Products'!T$9:T$616) -> 327.69231 | U16: 3x 8-Pin PCIe | V16: 4 | W16: 16 | X16: 16 | Y16: =AVERAGEIF('GPUs Products'!F$9:F$616,GPUs!F16,'GPUs Products'!Y$9:Y$616) -> 1266.1462 | Z16: =AVERAGEIF('GPUs Products'!F$9:F$616,GPUs!F16,'GPUs Products'!Y$9:Y$616) -> 1266.1462 | AC16: {=(SUMPRODUCT((H16:O16/H$9:O$9)^H$7:O$7*H$2:O$2)+SUMPRODUCT((Q16:T16/Q$9:T$9)^Q$7:T$7*Q$2:T$2))*(0.8^(1-G16))*AC$9} -> 2.1059773 | AD16: {=(SUMPRODUCT((H16:O16/H$9:O$9)^H$7:O$7*H$3:O$3)+SUMPRODUCT((Q16:T16/Q$9:T$9)^Q$7:T$7*Q$3:T$3))*(0.1^(1-G16))*AD$9} -> 2.7492747 | AE16: {=(SUMPRODUCT((H16:O16/H$9:O$9)^H$7:O$7*H$4:O$4)+SUMPRODUCT((Q16:T16/Q$9:T$9)^Q$7:T$7*Q$4:T$4))*AE$9} -> 2.4941368 | AF16: {=(SUMPRODUCT((H16:O16/H$9:O$9)^H$7:O$7*H$5:O$5)+SUMPRODUCT((Q16:T16/Q$9:T$9)^Q$7:T$7*Q$5:T$5))*AF$9} -> 2.3188878 | AG16: {=SUMPRODUCT(AC16:AF16 * AC$3:AF$3) / SUM(AC$3:AF$3)} -> 2.5419786
A17: NVIDIA GeForce RTX 3080 12GB | C17: NVIDIA | E17: RTX 3000 | F17: 3080 12GB | G17: 1 | H17: =AVERAGEIF('GPUs Products'!F$9:F$616,GPUs!F17,'GPUs Products'!H$9:H$616) -> 32.5925 | I17: =AVERAGEIF('GPUs Products'!F$9:F$616,GPUs!F17,'GPUs Products'!I$9:I$616) -> 32.5925 | J17: =AVERAGEIF('GPUs Products'!F$9:F$616,GPUs!F17,'GPUs Products'!J$9:J$616) -> 0.51 | K17: =AVERAGEIF('GPUs Products'!F$9:F$616,GPUs!F17,'GPUs Products'!K$9:K$616) -> 1188 | L17: =AVERAGEIF('GPUs Products'!F$9:F$616,GPUs!F17,'GPUs Products'!L$9:L$616) -> 1818.75 | M17: =AVERAGEIF('GPUs Products'!F$9:F$616,GPUs!F17,'GPUs Products'!M$9:M$616) -> 152.8 | N17: =AVERAGEIF('GPUs Products'!F$9:F$616,GPUs!F17,'GPUs Products'!N$9:N$616) -> 436.8 | O17: =AVERAGEIF('GPUs Products'!F$9:F$616,GPUs!F17,'GPUs Products'!O$9:O$616) -> 70 | P17: GDDR6X | Q17: =AVERAGEIF('GPUs Products'!F$9:F$616,GPUs!F17,'GPUs Products'!Q$9:Q$616) -> 12 | R17: =AVERAGEIF('GPUs Products'!F$9:F$616,GPUs!F17,'GPUs Products'!R$9:R$616) -> 384 | S17: =AVERAGEIF('GPUs Products'!F$9:F$616,GPUs!F17,'GPUs Products'!S$9:S$616) -> 19 | T17: =AVERAGEIF('GPUs Products'!F$9:F$616,GPUs!F17,'GPUs Products'!T$9:T$616) -> 350 | U17: 3x 8-Pin PCIe | V17: 4 | W17: 16 | X17: 16 | Y17: =AVERAGEIF('GPUs Products'!F$9:F$616,GPUs!F17,'GPUs Products'!Y$9:Y$616) -> 2016.5975 | Z17: =AVERAGEIF('GPUs Products'!F$9:F$616,GPUs!F17,'GPUs Products'!Y$9:Y$616) -> 2016.5975 | AC17: {=(SUMPRODUCT((H17:O17/H$9:O$9)^H$7:O$7*H$2:O$2)+SUMPRODUCT((Q17:T17/Q$9:T$9)^Q$7:T$7*Q$2:T$2))*(0.8^(1-G17))*AC$9} -> 2.2419446 | AD17: {=(SUMPRODUCT((H17:O17/H$9:O$9)^H$7:O$7*H$3:O$3)+SUMPRODUCT((Q17:T17/Q$9:T$9)^Q$7:T$7*Q$3:T$3))*(0.1^(1-G17))*AD$9} -> 2.8818209 | AE17: {=(SUMPRODUCT((H17:O17/H$9:O$9)^H$7:O$7*H$4:O$4)+SUMPRODUCT((Q17:T17/Q$9:T$9)^Q$7:T$7*Q$4:T$4))*AE$9} -> 2.6264371 | AF17: {=(SUMPRODUCT((H17:O17/H$9:O$9)^H$7:O$7*H$5:O$5)+SUMPRODUCT((Q17:T17/Q$9:T$9)^Q$7:T$7*Q$5:T$5))*AF$9} -> 2.4433438 | AG17: {=SUMPRODUCT(AC17:AF17 * AC$3:AF$3) / SUM(AC$3:AF$3)} -> 2.6737193
A18: NVIDIA GeForce RTX 3080 Ti 12GB | C18: NVIDIA | E18: RTX 3000 | F18: 3080 Ti 12GB | G18: 1 | H18: =AVERAGEIF('GPUs Products'!F$9:F$616,GPUs!F18,'GPUs Products'!H$9:H$616) -> 35.113 | I18: =AVERAGEIF('GPUs Products'!F$9:F$616,GPUs!F18,'GPUs Products'!I$9:I$616) -> 35.113 | J18: =AVERAGEIF('GPUs Products'!F$9:F$616,GPUs!F18,'GPUs Products'!J$9:J$616) -> 0.549 | K18: =AVERAGEIF('GPUs Products'!F$9:F$616,GPUs!F18,'GPUs Products'!K$9:K$616) -> 1188 | L18: =AVERAGEIF('GPUs Products'!F$9:F$616,GPUs!F18,'GPUs Products'!L$9:L$616) -> 1714.5 | M18: =AVERAGEIF('GPUs Products'!F$9:F$616,GPUs!F18,'GPUs Products'!M$9:M$616) -> 152.8 | N18: =AVERAGEIF('GPUs Products'!F$9:F$616,GPUs!F18,'GPUs Products'!N$9:N$616) -> 478.8 | O18: =AVERAGEIF('GPUs Products'!F$9:F$616,GPUs!F18,'GPUs Products'!O$9:O$616) -> 80 | P18: GDDR6X | Q18: =AVERAGEIF('GPUs Products'!F$9:F$616,GPUs!F18,'GPUs Products'!Q$9:Q$616) -> 12 | R18: =AVERAGEIF('GPUs Products'!F$9:F$616,GPUs!F18,'GPUs Products'!R$9:R$616) -> 384 | S18: =AVERAGEIF('GPUs Products'!F$9:F$616,GPUs!F18,'GPUs Products'!S$9:S$616) -> 19 | T18: =AVERAGEIF('GPUs Products'!F$9:F$616,GPUs!F18,'GPUs Products'!T$9:T$616) -> 350 | U18: 3x 8-Pin PCIe | V18: 4 | W18: 16 | X18: 16 | Y18: =AVERAGEIF('GPUs Products'!F$9:F$616,GPUs!F18,'GPUs Products'!Y$9:Y$616) -> 1838.842 | Z18: =AVERAGEIF('GPUs Products'!F$9:F$616,GPUs!F18,'GPUs Products'!Y$9:Y$616) -> 1838.842 | AC18: {=(SUMPRODUCT((H18:O18/H$9:O$9)^H$7:O$7*H$2:O$2)+SUMPRODUCT((Q18:T18/Q$9:T$9)^Q$7:T$7*Q$2:T$2))*(0.8^(1-G18))*AC$9} -> 2.309644 | AD18: {=(SUMPRODUCT((H18:O18/H$9:O$9)^H$7:O$7*H$3:O$3)+SUMPRODUCT((Q18:T18/Q$9:T$9)^Q$7:T$7*Q$3:T$3))*(0.1^(1-G18))*AD$9} -> 3.019624 | AE18: {=(SUMPRODUCT((H18:O18/H$9:O$9)^H$7:O$7*H$4:O$4)+SUMPRODUCT((Q18:T18/Q$9:T$9)^Q$7:T$7*Q$4:T$4))*AE$9} -> 2.7412251 | AF18: {=(SUMPRODUCT((H18:O18/H$9:O$9)^H$7:O$7*H$5:O$5)+SUMPRODUCT((Q18:T18/Q$9:T$9)^Q$7:T$7*Q$5:T$5))*AF$9} -> 2.5555121 | AG18: {=SUMPRODUCT(AC18:AF18 * AC$3:AF$3) / SUM(AC$3:AF$3)} -> 2.7930088
A19: NVIDIA GeForce RTX 3090 24GB | C19: NVIDIA | E19: RTX 3000 | F19: 3090 24GB | G19: 1 | H19: =AVERAGEIF('GPUs Products'!F$9:F$616,GPUs!F19,'GPUs Products'!H$9:H$616) -> 37.103333 | I19: =AVERAGEIF('GPUs Products'!F$9:F$616,GPUs!F19,'GPUs Products'!I$9:I$616) -> 37.103333 | J19: =AVERAGEIF('GPUs Products'!F$9:F$616,GPUs!F19,'GPUs Products'!J$9:J$616) -> 0.5825 | K19: =AVERAGEIF('GPUs Products'!F$9:F$616,GPUs!F19,'GPUs Products'!K$9:K$616) -> 1219 | L19: =AVERAGEIF('GPUs Products'!F$9:F$616,GPUs!F19,'GPUs Products'!L$9:L$616) -> 1767.5 | M19: =AVERAGEIF('GPUs Products'!F$9:F$616,GPUs!F19,'GPUs Products'!M$9:M$616) -> 189.9 | N19: =AVERAGEIF('GPUs Products'!F$9:F$616,GPUs!F19,'GPUs Products'!N$9:N$616) -> 556 | O19: =AVERAGEIF('GPUs Products'!F$9:F$616,GPUs!F19,'GPUs Products'!O$9:O$616) -> 82 | P19: GDDR6X | Q19: =AVERAGEIF('GPUs Products'!F$9:F$616,GPUs!F19,'GPUs Products'!Q$9:Q$616) -> 24 | R19: =AVERAGEIF('GPUs Products'!F$9:F$616,GPUs!F19,'GPUs Products'!R$9:R$616) -> 384 | S19: =AVERAGEIF('GPUs Products'!F$9:F$616,GPUs!F19,'GPUs Products'!S$9:S$616) -> 19.5 | T19: =AVERAGEIF('GPUs Products'!F$9:F$616,GPUs!F19,'GPUs Products'!T$9:T$616) -> 357.5 | U19: 3x 8-Pin PCIe | V19: 4 | W19: 16 | X19: 16 | Y19: =AVERAGEIF('GPUs Products'!F$9:F$616,GPUs!F19,'GPUs Products'!Y$9:Y$616) -> 2364.9017 | Z19: =AVERAGEIF('GPUs Products'!F$9:F$616,GPUs!F19,'GPUs Products'!Y$9:Y$616) -> 2364.9017 | AC19: {=(SUMPRODUCT((H19:O19/H$9:O$9)^H$7:O$7*H$2:O$2)+SUMPRODUCT((Q19:T19/Q$9:T$9)^Q$7:T$7*Q$2:T$2))*(0.8^(1-G19))*AC$9} -> 2.5673091 | AD19: {=(SUMPRODUCT((H19:O19/H$9:O$9)^H$7:O$7*H$3:O$3)+SUMPRODUCT((Q19:T19/Q$9:T$9)^Q$7:T$7*Q$3:T$3))*(0.1^(1-G19))*AD$9} -> 3.3122284 | AE19: {=(SUMPRODUCT((H19:O19/H$9:O$9)^H$7:O$7*H$4:O$4)+SUMPRODUCT((Q19:T19/Q$9:T$9)^Q$7:T$7*Q$4:T$4))*AE$9} -> 2.9733348 | AF19: {=(SUMPRODUCT((H19:O19/H$9:O$9)^H$7:O$7*H$5:O$5)+SUMPRODUCT((Q19:T19/Q$9:T$9)^Q$7:T$7*Q$5:T$5))*AF$9} -> 2.7812954 | AG19: {=SUMPRODUCT(AC19:AF19 * AC$3:AF$3) / SUM(AC$3:AF$3)} -> 3.0619315
A20: NVIDIA GeForce RTX 3090 Ti 24GB | C20: NVIDIA | E20: RTX 3000 | F20: 3090 Ti 24GB | G20: 1 | H20: =AVERAGEIF('GPUs Products'!F$9:F$616,GPUs!F20,'GPUs Products'!H$9:H$616) -> 41.6125 | I20: =AVERAGEIF('GPUs Products'!F$9:F$616,GPUs!F20,'GPUs Products'!I$9:I$616) -> 41.6125 | J20: =AVERAGEIF('GPUs Products'!F$9:F$616,GPUs!F20,'GPUs Products'!J$9:J$616) -> 0.6525 | K20: =AVERAGEIF('GPUs Products'!F$9:F$616,GPUs!F20,'GPUs Products'!K$9:K$616) -> 1313 | L20: =AVERAGEIF('GPUs Products'!F$9:F$616,GPUs!F20,'GPUs Products'!L$9:L$616) -> 1935 | M20: =AVERAGEIF('GPUs Products'!F$9:F$616,GPUs!F20,'GPUs Products'!M$9:M$616) -> 174.7 | N20: =AVERAGEIF('GPUs Products'!F$9:F$616,GPUs!F20,'GPUs Products'!N$9:N$616) -> 524.1 | O20: =AVERAGEIF('GPUs Products'!F$9:F$616,GPUs!F20,'GPUs Products'!O$9:O$616) -> 84 | P20: GDDR6X | Q20: =AVERAGEIF('GPUs Products'!F$9:F$616,GPUs!F20,'GPUs Products'!Q$9:Q$616) -> 24 | R20: =AVERAGEIF('GPUs Products'!F$9:F$616,GPUs!F20,'GPUs Products'!R$9:R$616) -> 384 | S20: =AVERAGEIF('GPUs Products'!F$9:F$616,GPUs!F20,'GPUs Products'!S$9:S$616) -> 21 | T20: =AVERAGEIF('GPUs Products'!F$9:F$616,GPUs!F20,'GPUs Products'!T$9:T$616) -> 457.5 | U20: 1x 12VHPWR (via Adapter: 3x 8-Pin PCIe) | V20: 4 | W20: 16 | X20: 16 | Y20: =AVERAGEIF('GPUs Products'!F$9:F$616,GPUs!F20,'GPUs Products'!Y$9:Y$616) -> 2462.8075 | Z20: =AVERAGEIF('GPUs Products'!F$9:F$616,GPUs!F20,'GPUs Products'!Y$9:Y$616) -> 2462.8075 | AC20: {=(SUMPRODUCT((H20:O20/H$9:O$9)^H$7:O$7*H$2:O$2)+SUMPRODUCT((Q20:T20/Q$9:T$9)^Q$7:T$7*Q$2:T$2))*(0.8^(1-G20))*AC$9} -> 2.57555 | AD20: {=(SUMPRODUCT((H20:O20/H$9:O$9)^H$7:O$7*H$3:O$3)+SUMPRODUCT((Q20:T20/Q$9:T$9)^Q$7:T$7*Q$3:T$3))*(0.1^(1-G20))*AD$9} -> 3.5667961 | AE20: {=(SUMPRODUCT((H20:O20/H$9:O$9)^H$7:O$7*H$4:O$4)+SUMPRODUCT((Q20:T20/Q$9:T$9)^Q$7:T$7*Q$4:T$4))*AE$9} -> 3.1845147 | AF20: {=(SUMPRODUCT((H20:O20/H$9:O$9)^H$7:O$7*H$5:O$5)+SUMPRODUCT((Q20:T20/Q$9:T$9)^Q$7:T$7*Q$5:T$5))*AF$9} -> 2.8986649 | AG20: {=SUMPRODUCT(AC20:AF20 * AC$3:AF$3) / SUM(AC$3:AF$3)} -> 3.2477575
A21: NVIDIA GeForce RTX 4060 8GB | C21: NVIDIA | E21: RTX 4000 | F21: 4060 8GB | G21: 1 | H21: =AVERAGEIF('GPUs Products'!F$9:F$616,GPUs!F21,'GPUs Products'!H$9:H$616) -> 15.450513 | I21: =AVERAGEIF('GPUs Products'!F$9:F$616,GPUs!F21,'GPUs Products'!I$9:I$616) -> 15.450513 | J21: =AVERAGEIF('GPUs Products'!F$9:F$616,GPUs!F21,'GPUs Products'!J$9:J$616) -> 0.24179487 | K21: =AVERAGEIF('GPUs Products'!F$9:F$616,GPUs!F21,'GPUs Products'!K$9:K$616) -> 2125 | L21: =AVERAGEIF('GPUs Products'!F$9:F$616,GPUs!F21,'GPUs Products'!L$9:L$616) -> 2513.8462 | M21: =AVERAGEIF('GPUs Products'!F$9:F$616,GPUs!F21,'GPUs Products'!M$9:M$616) -> 58.6 | N21: =AVERAGEIF('GPUs Products'!F$9:F$616,GPUs!F21,'GPUs Products'!N$9:N$616) -> 175.7 | O21: =AVERAGEIF('GPUs Products'!F$9:F$616,GPUs!F21,'GPUs Products'!O$9:O$616) -> 24 | P21: GDDR6 | Q21: =AVERAGEIF('GPUs Products'!F$9:F$616,GPUs!F21,'GPUs Products'!Q$9:Q$616) -> 8 | R21: =AVERAGEIF('GPUs Products'!F$9:F$616,GPUs!F21,'GPUs Products'!R$9:R$616) -> 128 | S21: =AVERAGEIF('GPUs Products'!F$9:F$616,GPUs!F21,'GPUs Products'!S$9:S$616) -> 17 | T21: =AVERAGEIF('GPUs Products'!F$9:F$616,GPUs!F21,'GPUs Products'!T$9:T$616) -> 115 | U21: 1x 8-Pin PCIe | V21: 4 | W21: 16 | X21: 8 | Y21: =AVERAGEIF('GPUs Products'!F$9:F$616,GPUs!F21,'GPUs Products'!Y$9:Y$616) -> 431.66051 | Z21: =AVERAGEIF('GPUs Products'!F$9:F$616,GPUs!F21,'GPUs Products'!Y$9:Y$616) -> 431.66051 | AC21: {=(SUMPRODUCT((H21:O21/H$9:O$9)^H$7:O$7*H$2:O$2)+SUMPRODUCT((Q21:T21/Q$9:T$9)^Q$7:T$7*Q$2:T$2))*(0.8^(1-G21))*AC$9} -> 1.5126208 | AD21: {=(SUMPRODUCT((H21:O21/H$9:O$9)^H$7:O$7*H$3:O$3)+SUMPRODUCT((Q21:T21/Q$9:T$9)^Q$7:T$7*Q$3:T$3))*(0.1^(1-G21))*AD$9} -> 1.6988457 | AE21: {=(SUMPRODUCT((H21:O21/H$9:O$9)^H$7:O$7*H$4:O$4)+SUMPRODUCT((Q21:T21/Q$9:T$9)^Q$7:T$7*Q$4:T$4))*AE$9} -> 1.5120286 | AF21: {=(SUMPRODUCT((H21:O21/H$9:O$9)^H$7:O$7*H$5:O$5)+SUMPRODUCT((Q21:T21/Q$9:T$9)^Q$7:T$7*Q$5:T$5))*AF$9} -> 1.4726372 | AG21: {=SUMPRODUCT(AC21:AF21 * AC$3:AF$3) / SUM(AC$3:AF$3)} -> 1.6093493
... A56: AMD Radeon RX 7900 XTX 24GB | C56: AMD | E56: RX 7000 | F56: 7900 XTX 24GB | G56: 0 | H56: =AVERAGEIF('GPUs Products'!F$9:F$616,GPUs!F56,'GPUs Products'!H$9:H$616) -> 127.05667 | I56: =AVERAGEIF('GPUs Products'!F$9:F$616,GPUs!F56,'GPUs Products'!I$9:I$616) -> 63.53 | J56: =AVERAGEIF('GPUs Products'!F$9:F$616,GPUs!F56,'GPUs Products'!J$9:J$616) -> 3.9733333 | K56: =AVERAGEIF('GPUs Products'!F$9:F$616,GPUs!F56,'GPUs Products'!K$9:K$616) -> 2500 | L56: =AVERAGEIF('GPUs Products'!F$9:F$616,GPUs!F56,'GPUs Products'!L$9:L$616) -> 2585 | M56: =AVERAGEIF('GPUs Products'!F$9:F$616,GPUs!F56,'GPUs Products'!M$9:M$616) -> 480 | N56: =AVERAGEIF('GPUs Products'!F$9:F$616,GPUs!F56,'GPUs Products'!N$9:N$616) -> 960 | O56: =AVERAGEIF('GPUs Products'!F$9:F$616,GPUs!F56,'GPUs Products'!O$9:O$616) -> 96 | P56: GDDR6 | Q56: =AVERAGEIF('GPUs Products'!F$9:F$616,GPUs!F56,'GPUs Products'!Q$9:Q$616) -> 24 | R56: =AVERAGEIF('GPUs Products'!F$9:F$616,GPUs!F56,'GPUs Products'!R$9:R$616) -> 384 | S56: =AVERAGEIF('GPUs Products'!F$9:F$616,GPUs!F56,'GPUs Products'!S$9:S$616) -> 20 | T56: =AVERAGEIF('GPUs Products'!F$9:F$616,GPUs!F56,'GPUs Products'!T$9:T$616) -> 355 | U56: 3x 8-Pin PCIe | V56: 4 | W56: 16 | X56: 16 | Y56: =AVERAGEIF('GPUs Products'!F$9:F$616,GPUs!F56,'GPUs Products'!Y$9:Y$616) -> 1235.2533 | Z56: =AVERAGEIF('GPUs Products'!F$9:F$616,GPUs!F56,'GPUs Products'!Y$9:Y$616) -> 1235.2533 | AC56: {=(SUMPRODUCT((H56:O56/H$9:O$9)^H$7:O$7*H$2:O$2)+SUMPRODUCT((Q56:T56/Q$9:T$9)^Q$7:T$7*Q$2:T$2))*(0.8^(1-G56))*AC$9} -> 3.0445355 | AD56: {=(SUMPRODUCT((H56:O56/H$9:O$9)^H$7:O$7*H$3:O$3)+SUMPRODUCT((Q56:T56/Q$9:T$9)^Q$7:T$7*Q$3:T$3))*(0.1^(1-G56))*AD$9} -> 0.69542437 | AE56: {=(SUMPRODUCT((H56:O56/H$9:O$9)^H$7:O$7*H$4:O$4)+SUMPRODUCT((Q56:T56/Q$9:T$9)^Q$7:T$7*Q$4:T$4))*AE$9} -> 8.2773892 | AF56: {=(SUMPRODUCT((H56:O56/H$9:O$9)^H$7:O$7*H$5:O$5)+SUMPRODUCT((Q56:T56/Q$9:T$9)^Q$7:T$7*Q$5:T$5))*AF$9} -> 4.3142762 | AG56: {=SUMPRODUCT(AC56:AF56 * AC$3:AF$3) / SUM(AC$3:AF$3)} -> 2.5325254

Sheet GPUs Products
A1: GPU Specification Weights per Task | G1: CUDA Ready | H1: FP16 | I1: FP32 | J1: FP64 | K1: Base Clock | L1: Turbo Clock | M1: Pixel Fill Rate | N1: Texture Units | O1: RT Cores | Q1: Memory Capacity | R1: Memory Bus Width | S1: Memory Speed | T1: Power | AC1: Task
A2: Gaming | H2: 0 | I2: 0.05 | J2: 0 | K2: 0.15 | L2: 0.25 | M2: 0.1 | N2: 0.1 | O2: 0.1 | Q2: 0.1 | R2: 0.1 | S2: 0.1 | T2: 0.05 | AC2: Gaming | AD2: ML/AI | AE2: HPC | AF2: 3D Rendering
A3: ML/AI | H3: 0.3 | I3: 0.2 | J3: 0.05 | K3: 0.05 | L3: 0.05 | M3: 0 | N3: 0 | O3: 0 | Q3: 0.2 | R3: 0.1 | S3: 0.05 | T3: 0.05 | AC3: 3 | AD3: 10 | AE3: 2 | AF3: 3
A4: HPC | H4: 0 | I4: 0.15 | J4: 0.35 | K4: 0.05 | L4: 0 | M4: 0 | N4: 0 | O4: 0 | Q4: 0.15 | R4: 0.15 | S4: 0.1 | T4: 0
A5: 3D Rendering | H5: 0.05 | I5: 0.2 | J5: 0 | K5: 0.1 | L5: 0.1 | M5: 0.05 | N5: 0.05 | O5: 0.1 | Q5: 0.1 | R5: 0.1 | S5: 0.1 | T5: 0.05
A7: Scaling Factor | H7: 0.85 | I7: 0.9 | J7: 0.8 | K7: 0.9 | L7: 0.9 | M7: 0.85 | N7: 0.85 | O7: 0.8 | Q7: 0.65 | R7: 0.75 | S7: 0.8 | T7: -0.5
A8: GPU | B8: Code | C8: Brand | D8: Manufacturer | E8: Series | F8: Model | G8: CUDA Ready | H8: FP16 | I8: FP32 | J8: FP64 | K8: Base Clock | L8: Turbo Clock | M8: Pixel Fill Rate | N8: Texture Units | O8: RT Cores | P8: VRAM Type | Q8: Memory Capacity | R8: Memory Bus Width | S8: Memory Speed | T8: Power | U8: Power Connection | V8: PCIe Version | W8: Physical Lanes | X8: Wired Lanes | Y8: Price Min | Z8: Price Max | AA8: Link | AB8: Product | AC8: Gaming Score | AD8: ML/AI Score | AE8: HPC Score | AF8: 3D Rendering Score | AG8: Task Score
A9: ASUS Dual GeForce RTX 3050 OC, DUAL-RTX3050-O6G, 6GB GDDR6, DVI, HDMI, DP | B9: 90YV0K60-M0NA00 | C9: NVIDIA | D9: =LEFT(AB9, FIND(" ", AB9 & " ") - 1) -> ASUS | E9: RTX 3000 | F9: 3050 6GB | G9: 1 | H9: 7.08 | I9: 7.08 | J9: 0.11 | K9: 1750 | L9: 1750 | M9: 33.34 | N9: 75.02 | O9: 20 | P9: GDDR6 | Q9: 6 | R9: 96 | S9: 14 | T9: 70 | U9: - | V9: 4 | W9: 16 | X9: 8 | Y9: 192.9 | Z9: 277 | AA9: https://geizhals.eu/asus-dual-geforce-rtx-3050-oc-90yv0k60-m0na00-a3117139.html?hloc=at&hloc=de&hloc=eu&hloc=pl&hloc=uk | AB9: ASUS Dual GeForce RTX 3050 OC, DUAL-RTX3050-O6G, 6GB GDDR6, DVI, HDMI, DP | AC9: 1 | AD9: 1 | AE9: 1 | AF9: 1 | AG9: {=SUMPRODUCT(AC9:AF9 * AC$3:AF$3) / SUM(AC$3:AF$3)} -> 1
A10: ASUS Dual GeForce RTX 3050, DUAL-RTX3050-6G, 6GB GDDR6, DVI, HDMI, DP | B10: 90YV0K61-M0NA00 | C10: NVIDIA | D10: =LEFT(AB10, FIND(" ", AB10 & " ") - 1) -> ASUS | E10: RTX 3000 | F10: 3050 6GB | G10: 1 | H10: 6.91 | I10: 6.91 | J10: 0.11 | K10: 1750 | L10: 1750 | M10: 33.34 | N10: 75.02 | O10: 20 | P10: GDDR6 | Q10: 6 | R10: 96 | S10: 14 | T10: 70 | U10: - | V10: 4 | W10: 16 | X10: 8 | Y10: 229.03 | Z10: 229.03 | AA10: https://geizhals.eu/asus-dual-geforce-rtx-3050-90yv0k61-m0na00-a3117146.html?hloc=at&hloc=de&hloc=eu&hloc=pl&hloc=uk | AB10: ASUS Dual GeForce RTX 3050, DUAL-RTX3050-6G, 6GB GDDR6, DVI, HDMI, DP | AC10: {=(SUMPRODUCT((H10:O10/H$9:O$9)^H$7:O$7*H$2:O$2)+SUMPRODUCT((Q10:T10/Q$9:T$9)^Q$7:T$7*Q$2:T$2))*(0.8^(1-G10))*AC$9} -> 1.0989182 | AD10: {=(SUMPRODUCT((H10:O10/H$9:O$9)^H$7:O$7*H$3:O$3)+SUMPRODUCT((Q10:T10/Q$9:T$9)^Q$7:T$7*Q$3:T$3))*(0.1^(1-G10))*AD$9} -> 1.0395387 | AE10: {=(SUMPRODUCT((H10:O10/H$9:O$9)^H$7:O$7*H$4:O$4)+SUMPRODUCT((Q10:T10/Q$9:T$9)^Q$7:T$7*Q$4:T$4))*AE$9} -> 0.94675455 | AF10: {=(SUMPRODUCT((H10:O10/H$9:O$9)^H$7:O$7*H$5:O$5)+SUMPRODUCT((Q10:T10/Q$9:T$9)^Q$7:T$7*Q$5:T$5))*AF$9} -> 0.9946504 | AG10: {=SUMPRODUCT(AC10:AF10 * AC$3:AF$3) / SUM(AC$3:AF$3)} -> 1.0316446
A11: ASUS GeForce RTX 3050 OC, RTX3050-O6G-LP-BRK, 6GB GDDR6, DVI, HDMI, DP | B11: 90YV0KQ0-M0NA00 | C11: NVIDIA | D11: =LEFT(AB11, FIND(" ", AB11 & " ") - 1) -> ASUS | E11: RTX 3000 | F11: 3050 6GB | G11: 1 | H11: 7.08 | I11: 7.08 | J11: 0.11 | K11: 1750 | L11: 1750 | M11: 33.34 | N11: 75.02 | O11: 20 | P11: GDDR6 | Q11: 6 | R11: 96 | S11: 14 | T11: 70 | U11: - | V11: 4 | W11: 16 | X11: 8 | Y11: 198.9 | Z11: 274.19 | AA11: https://geizhals.eu/asus-geforce-rtx-3050-oc-a3117233.html?hloc=at&hloc=de&hloc=eu&hloc=pl&hloc=uk | AB11: ASUS GeForce RTX 3050 OC, RTX3050-O6G-LP-BRK, 6GB GDDR6, DVI, HDMI, DP | AC11: {=(SUMPRODUCT((H11:O11/H$9:O$9)^H$7:O$7*H$2:O$2)+SUMPRODUCT((Q11:T11/Q$9:T$9)^Q$7:T$7*Q$2:T$2))*(0.8^(1-G11))*AC$9} -> 1.1 | AD11: {=(SUMPRODUCT((H11:O11/H$9:O$9)^H$7:O$7*H$3:O$3)+SUMPRODUCT((Q11:T11/Q$9:T$9)^Q$7:T$7*Q$3:T$3))*(0.1^(1-G11))*AD$9} -> 1.05 | AE11: {=(SUMPRODUCT((H11:O11/H$9:O$9)^H$7:O$7*H$4:O$4)+SUMPRODUCT((Q11:T11/Q$9:T$9)^Q$7:T$7*Q$4:T$4))*AE$9} -> 0.95 | AF11: {=(SUMPRODUCT((H11:O11/H$9:O$9)^H$7:O$7*H$5:O$5)+SUMPRODUCT((Q11:T11/Q$9:T$9)^Q$7:T$7*Q$5:T$5))*AF$9} -> 1 | AG11: {=SUMPRODUCT(AC11:AF11 * AC$3:AF$3) / SUM(AC$3:AF$3)} -> 1.0388889
A12: GIGABYTE GeForce RTX 3050 Eagle OC 6G, 6GB GDDR6, 2x HDMI, 2x DP | B12: GV-N3050EAGLE OC-6GD | C12: NVIDIA | D12: =LEFT(AB12, FIND(" ", AB12 & " ") - 1) -> GIGABYTE | E12: RTX 3000 | F12: 3050 6GB | G12: 1 | H12: 6.91 | I12: 6.91 | J12: 0.11 | K12: 1750 | L12: 1750 | M12: 33.34 | N12: 75.02 | O12: 20 | P12: GDDR6 | Q12: 6 | R12: 96 | S12: 14 | T12: 70 | U12: - | V12: 4 | W12: 16 | X12: 8 | Y12: 290.5 | Z12: 295.32 | AA12: https://geizhals.eu/gigabyte-geforce-rtx-3050-eagle-oc-6g-gv-n3050eagle-oc-6gd-a3117109.html?hloc=at&hloc=de&hloc=eu&hloc=pl&hloc=uk | AB12: GIGABYTE GeForce RTX 3050 Eagle OC 6G, 6GB GDDR6, 2x HDMI, 2x DP | AC12: {=(SUMPRODUCT((H12:O12/H$9:O$9)^H$7:O$7*H$2:O$2)+SUMPRODUCT((Q12:T12/Q$9:T$9)^Q$7:T$7*Q$2:T$2))*(0.8^(1-G12))*AC$9} -> 1.0989182 | AD12: {=(SUMPRODUCT((H12:O12/H$9:O$9)^H$7:O$7*H$3:O$3)+SUMPRODUCT((Q12:T12/Q$9:T$9)^Q$7:T$7*Q$3:T$3))*(0.1^(1-G12))*AD$9} -> 1.0395387 | AE12: {=(SUMPRODUCT((H12:O12/H$9:O$9)^H$7:O$7*H$4:O$4)+SUMPRODUCT((Q12:T12/Q$9:T$9)^Q$7:T$7*Q$4:T$4))*AE$9} -> 0.94675455 | AF12: {=(SUMPRODUCT((H12:O12/H$9:O$9)^H$7:O$7*H$5:O$5)+SUMPRODUCT((Q12:T12/Q$9:T$9)^Q$7:T$7*Q$5:T$5))*AF$9} -> 0.9946504 | AG12: {=SUMPRODUCT(AC12:AF12 * AC$3:AF$3) / SUM(AC$3:AF$3)} -> 1.0316446
A13: GIGABYTE GeForce RTX 3050 OC Low Profile 6G, 6GB GDDR6, 2x HDMI, 2x DP | B13: GV-N3050OC-6GL | C13: NVIDIA | D13: =LEFT(AB13, FIND(" ", AB13 & " ") - 1) -> GIGABYTE | E13: RTX 3000 | F13: 3050 6GB | G13: 1 | H13: 6.81 | I13: 6.81 | J13: 0.11 | K13: 1750 | L13: 1750 | M13: 33.34 | N13: 75.02 | O13: 20 | P13: GDDR6 | Q13: 6 | R13: 96 | S13: 14 | T13: 70 | U13: - | V13: 4 | W13: 16 | X13: 8 | Y13: 202.34 | Z13: 269 | AA13: https://geizhals.eu/gigabyte-geforce-rtx-3050-oc-low-profile-6g-gv-n3050oc-6gl-a3117124.html?hloc=at&hloc=de&hloc=eu&hloc=pl&hloc=uk | AB13: GIGABYTE GeForce RTX 3050 OC Low Profile 6G, 6GB GDDR6, 2x HDMI, 2x DP | AC13: {=(SUMPRODUCT((H13:O13/H$9:O$9)^H$7:O$7*H$2:O$2)+SUMPRODUCT((Q13:T13/Q$9:T$9)^Q$7:T$7*Q$2:T$2))*(0.8^(1-G13))*AC$9} -> 1.0982806 | AD13: {=(SUMPRODUCT((H13:O13/H$9:O$9)^H$7:O$7*H$3:O$3)+SUMPRODUCT((Q13:T13/Q$9:T$9)^Q$7:T$7*Q$3:T$3))*(0.1^(1-G13))*AD$9} -> 1.0333695 | AE13: {=(SUMPRODUCT((H13:O13/H$9:O$9)^H$7:O$7*H$4:O$4)+SUMPRODUCT((Q13:T13/Q$9:T$9)^Q$7:T$7*Q$4:T$4))*AE$9} -> 0.94484174 | AF13: {=(SUMPRODUCT((H13:O13/H$9:O$9)^H$7:O$7*H$5:O$5)+SUMPRODUCT((Q13:T13/Q$9:T$9)^Q$7:T$7*Q$5:T$5))*AF$9} -> 0.99149685 | AG13: {=SUMPRODUCT(AC13:AF13 * AC$3:AF$3) / SUM(AC$3:AF$3)} -> 1.0273728
A14: GIGABYTE GeForce RTX 3050 Windforce OC 6G V2, 6GB GDDR6, 2x HDMI, 2x DP | B14: GV-N3050WF2OCV2-6GD | C14: NVIDIA | D14: =LEFT(AB14, FIND(" ", AB14 & " ") - 1) -> GIGABYTE | E14: RTX 3000 | F14: 3050 6GB | G14: 1 | H14: 6.81 | I14: 6.81 | J14: 0.11 | K14: 1750 | L14: 1750 | M14: 33.34 | N14: 75.02 | O14: 20 | P14: GDDR6 | Q14: 6 | R14: 96 | S14: 14 | T14: 70 | U14: - | V14: 4 | W14: 16 | X14: 8 | Y14: 194.98 | Z14: 224.95 | AA14: https://geizhals.eu/gigabyte-geforce-rtx-3050-windforce-oc-6g-v2-gv-n3050wf2ocv2-6gd-a3369266.html?hloc=at&hloc=de&hloc=eu&hloc=pl&hloc=uk | AB14: GIGABYTE GeForce RTX 3050 Windforce OC 6G V2, 6GB GDDR6, 2x HDMI, 2x DP | AC14: {=(SUMPRODUCT((H14:O14/H$9:O$9)^H$7:O$7*H$2:O$2)+SUMPRODUCT((Q14:T14/Q$9:T$9)^Q$7:T$7*Q$2:T$2))*(0.8^(1-G14))*AC$9} -> 1.0982806 | AD14: {=(SUMPRODUCT((H14:O14/H$9:O$9)^H$7:O$7*H$3:O$3)+SUMPRODUCT((Q14:T14/Q$9:T$9)^Q$7:T$7*Q$3:T$3))*(0.1^(1-G14))*AD$9} -> 1.0333695 | AE14: {=(SUMPRODUCT((H14:O14/H$9:O$9)^H$7:O$7*H$4:O$4)+SUMPRODUCT((Q14:T14/Q$9:T$9)^Q$7:T$7*Q$4:T$4))*AE$9} -> 0.94484174 | AF14: {=(SUMPRODUCT((H14:O14/H$9:O$9)^H$7:O$7*H$5:O$5)+SUMPRODUCT((Q14:T14/Q$9:T$9)^Q$7:T$7*Q$5:T$5))*AF$9} -> 0.99149685 | AG14: {=SUMPRODUCT(AC14:AF14 * AC$3:AF$3) / SUM(AC$3:AF$3)} -> 1.0273728
A15: GIGABYTE GeForce RTX 3050 Windforce OC 6G, 6GB GDDR6, 2x HDMI, 2x DP | B15: GV-N3050WF2OC-6GD | C15: NVIDIA | D15: =LEFT(AB15, FIND(" ", AB15 & " ") - 1) -> GIGABYTE | E15: RTX 3000 | F15: 3050 6GB | G15: 1 | H15: 6.81 | I15: 6.81 | J15: 0.11 | K15: 1750 | L15: 1750 | M15: 33.34 | N15: 75.02 | O15: 20 | P15: GDDR6 | Q15: 6 | R15: 96 | S15: 14 | T15: 70 | U15: - | V15: 4 | W15: 16 | X15: 8 | Y15: 197.9 | Z15: 254.43 | AA15: https://geizhals.eu/gigabyte-geforce-rtx-3050-windforce-oc-6g-gv-n3050wf2oc-6gd-a3207234.html?hloc=at&hloc=de&hloc=eu&hloc=pl&hloc=uk | AB15: GIGABYTE GeForce RTX 3050 Windforce OC 6G, 6GB GDDR6, 2x HDMI, 2x DP | AC15: {=(SUMPRODUCT((H15:O15/H$9:O$9)^H$7:O$7*H$2:O$2)+SUMPRODUCT((Q15:T15/Q$9:T$9)^Q$7:T$7*Q$2:T$2))*(0.8^(1-G15))*AC$9} -> 1.0982806 | AD15: {=(SUMPRODUCT((H15:O15/H$9:O$9)^H$7:O$7*H$3:O$3)+SUMPRODUCT((Q15:T15/Q$9:T$9)^Q$7:T$7*Q$3:T$3))*(0.1^(1-G15))*AD$9} -> 1.0333695 | AE15: {=(SUMPRODUCT((H15:O15/H$9:O$9)^H$7:O$7*H$4:O$4)+SUMPRODUCT((Q15:T15/Q$9:T$9)^Q$7:T$7*Q$4:T$4))*AE$9} -> 0.94484174 | AF15: {=(SUMPRODUCT((H15:O15/H$9:O$9)^H$7:O$7*H$5:O$5)+SUMPRODUCT((Q15:T15/Q$9:T$9)^Q$7:T$7*Q$5:T$5))*AF$9} -> 0.99149685 | AG15: {=SUMPRODUCT(AC15:AF15 * AC$3:AF$3) / SUM(AC$3:AF$3)} -> 1.0273728
A16: INNO3D GeForce RTX 3050 Twin X2, 6GB GDDR6, DVI, HDMI, DP | B16: N30502-06D6-1711VA60 | C16: NVIDIA | D16: =LEFT(AB16, FIND(" ", AB16 & " ") - 1) -> INNO3D | E16: RTX 3000 | F16: 3050 6GB | G16: 1 | H16: 6.77 | I16: 6.77 | J16: 0.11 | K16: 1750 | L16: 1750 | M16: 33.34 | N16: 75.02 | O16: 20 | P16: GDDR6 | Q16: 6 | R16: 96 | S16: 14 | T16: 70 | U16: - | V16: 4 | W16: 16 | X16: 8 | Y16: 184.95 | Z16: 267.62 | AA16: https://geizhals.eu/inno3d-geforce-rtx-3050-twin-x2-n30502-06d6-1711va60-a3170221.html?hloc=at&hloc=de&hloc=eu&hloc=pl&hloc=uk | AB16: INNO3D GeForce RTX 3050 Twin X2, 6GB GDDR6, DVI, HDMI, DP | AC16: {=(SUMPRODUCT((H16:O16/H$9:O$9)^H$7:O$7*H$2:O$2)+SUMPRODUCT((Q16:T16/Q$9:T$9)^Q$7:T$7*Q$2:T$2))*(0.8^(1-G16))*AC$9} -> 1.0980253 | AD16: {=(SUMPRODUCT((H16:O16/H$9:O$9)^H$7:O$7*H$3:O$3)+SUMPRODUCT((Q16:T16/Q$9:T$9)^Q$7:T$7*Q$3:T$3))*(0.1^(1-G16))*AD$9} -> 1.0308986 | AE16: {=(SUMPRODUCT((H16:O16/H$9:O$9)^H$7:O$7*H$4:O$4)+SUMPRODUCT((Q16:T16/Q$9:T$9)^Q$7:T$7*Q$4:T$4))*AE$9} -> 0.94407583 | AF16: {=(SUMPRODUCT((H16:O16/H$9:O$9)^H$7:O$7*H$5:O$5)+SUMPRODUCT((Q16:T16/Q$9:T$9)^Q$7:T$7*Q$5:T$5))*AF$9} -> 0.99023401 | AG16: {=SUMPRODUCT(AC16:AF16 * AC$3:AF$3) / SUM(AC$3:AF$3)} -> 1.0256619
A17: MSI GeForce RTX 3050 LP 6G OC, 6GB GDDR6, 2x HDMI, DP | B17: V812-023R | C17: NVIDIA | D17: =LEFT(AB17, FIND(" ", AB17 & " ") - 1) -> MSI | E17: RTX 3000 | F17: 3050 6GB | G17: 1 | H17: 6.88 | I17: 6.88 | J17: 0.11 | K17: 1750 | L17: 1750 | M17: 33.34 | N17: 75.02 | O17: 20 | P17: GDDR6 | Q17: 6 | R17: 96 | S17: 14 | T17: 70 | U17: - | V17: 4 | W17: 16 | X17: 8 | Y17: 195.89 | Z17: 1206.3 | AA17: https://geizhals.eu/msi-geforce-rtx-3050-lp-6g-oc-v812-023r-a3112269.html?hloc=at&hloc=de&hloc=eu&hloc=pl&hloc=uk | AB17: MSI GeForce RTX 3050 LP 6G OC, 6GB GDDR6, 2x HDMI, DP | AC17: {=(SUMPRODUCT((H17:O17/H$9:O$9)^H$7:O$7*H$2:O$2)+SUMPRODUCT((Q17:T17/Q$9:T$9)^Q$7:T$7*Q$2:T$2))*(0.8^(1-G17))*AC$9} -> 1.098727 | AD17: {=(SUMPRODUCT((H17:O17/H$9:O$9)^H$7:O$7*H$3:O$3)+SUMPRODUCT((Q17:T17/Q$9:T$9)^Q$7:T$7*Q$3:T$3))*(0.1^(1-G17))*AD$9} -> 1.0376892 | AE17: {=(SUMPRODUCT((H17:O17/H$9:O$9)^H$7:O$7*H$4:O$4)+SUMPRODUCT((Q17:T17/Q$9:T$9)^Q$7:T$7*Q$4:T$4))*AE$9} -> 0.946181 | AF17: {=(SUMPRODUCT((H17:O17/H$9:O$9)^H$7:O$7*H$5:O$5)+SUMPRODUCT((Q17:T17/Q$9:T$9)^Q$7:T$7*Q$5:T$5))*AF$9} -> 0.99370486 | AG17: {=SUMPRODUCT(AC17:AF17 * AC$3:AF$3) / SUM(AC$3:AF$3)} -> 1.0303639
A18: MSI GeForce RTX 3050 Ventus 2X 6G OC, 6GB GDDR6, 2x HDMI, DP | B18: V812-015R | C18: NVIDIA | D18: =LEFT(AB18, FIND(" ", AB18 & " ") - 1) -> MSI | E18: RTX 3000 | F18: 3050 6GB | G18: 1 | H18: 6.88 | I18: 6.88 | J18: 0.11 | K18: 1750 | L18: 1750 | M18: 33.34 | N18: 75.02 | O18: 20 | P18: GDDR6 | Q18: 6 | R18: 96 | S18: 14 | T18: 70 | U18: - | V18: 4 | W18: 16 | X18: 8 | Y18: 192.68 | Z18: 273.26 | AA18: https://geizhals.eu/msi-geforce-rtx-3050-ventus-2x-6g-oc-v812-015r-a3112267.html?hloc=at&hloc=de&hloc=eu&hloc=pl&hloc=uk | AB18: MSI GeForce RTX 3050 Ventus 2X 6G OC, 6GB GDDR6, 2x HDMI, DP | AC18: {=(SUMPRODUCT((H18:O18/H$9:O$9)^H$7:O$7*H$2:O$2)+SUMPRODUCT((Q18:T18/Q$9:T$9)^Q$7:T$7*Q$2:T$2))*(0.8^(1-G18))*AC$9} -> 1.098727 | AD18: {=(SUMPRODUCT((H18:O18/H$9:O$9)^H$7:O$7*H$3:O$3)+SUMPRODUCT((Q18:T18/Q$9:T$9)^Q$7:T$7*Q$3:T$3))*(0.1^(1-G18))*AD$9} -> 1.0376892 | AE18: {=(SUMPRODUCT((H18:O18/H$9:O$9)^H$7:O$7*H$4:O$4)+SUMPRODUCT((Q18:T18/Q$9:T$9)^Q$7:T$7*Q$4:T$4))*AE$9} -> 0.946181 | AF18: {=(SUMPRODUCT((H18:O18/H$9:O$9)^H$7:O$7*H$5:O$5)+SUMPRODUCT((Q18:T18/Q$9:T$9)^Q$7:T$7*Q$5:T$5))*AF$9} -> 0.99370486 | AG18: {=SUMPRODUCT(AC18:AF18 * AC$3:AF$3) / SUM(AC$3:AF$3)} -> 1.0303639
A19: MSI GeForce RTX 3050 Ventus 2X E 6G OC, 6GB GDDR6, 2x HDMI, DP | B19: V812-055R | C19: NVIDIA | D19: =LEFT(AB19, FIND(" ", AB19 & " ") - 1) -> MSI | E19: RTX 3000 | F19: 3050 6GB | G19: 1 | H19: 6.88 | I19: 6.88 | J19: 0.11 | K19: 1750 | L19: 1750 | M19: 33.34 | N19: 75.02 | O19: 20 | P19: GDDR6 | Q19: 6 | R19: 96 | S19: 14 | T19: 70 | U19: - | V19: 4 | W19: 16 | X19: 8 | Y19: 195.44 | Z19: 292.6 | AA19: https://geizhals.eu/msi-geforce-rtx-3050-ventus-2x-e-6g-oc-v812-055r-a3344698.html?hloc=at&hloc=de&hloc=eu&hloc=pl&hloc=uk | AB19: MSI GeForce RTX 3050 Ventus 2X E 6G OC, 6GB GDDR6, 2x HDMI, DP | AC19: {=(SUMPRODUCT((H19:O19/H$9:O$9)^H$7:O$7*H$2:O$2)+SUMPRODUCT((Q19:T19/Q$9:T$9)^Q$7:T$7*Q$2:T$2))*(0.8^(1-G19))*AC$9} -> 1.098727 | AD19: {=(SUMPRODUCT((H19:O19/H$9:O$9)^H$7:O$7*H$3:O$3)+SUMPRODUCT((Q19:T19/Q$9:T$9)^Q$7:T$7*Q$3:T$3))*(0.1^(1-G19))*AD$9} -> 1.0376892 | AE19: {=(SUMPRODUCT((H19:O19/H$9:O$9)^H$7:O$7*H$4:O$4)+SUMPRODUCT((Q19:T19/Q$9:T$9)^Q$7:T$7*Q$4:T$4))*AE$9} -> 0.946181 | AF19: {=(SUMPRODUCT((H19:O19/H$9:O$9)^H$7:O$7*H$5:O$5)+SUMPRODUCT((Q19:T19/Q$9:T$9)^Q$7:T$7*Q$5:T$5))*AF$9} -> 0.99370486 | AG19: {=SUMPRODUCT(AC19:AF19 * AC$3:AF$3) / SUM(AC$3:AF$3)} -> 1.0303639
A20: Palit GeForce RTX 3050 KalmX, 6GB GDDR6, DVI, HDMI, DP | B20: NE63050018JE-1070H | C20: NVIDIA | D20: =LEFT(AB20, FIND(" ", AB20 & " ") - 1) -> Palit | E20: RTX 3000 | F20: 3050 6GB | G20: 1 | H20: 6.77 | I20: 6.77 | J20: 0.11 | K20: 1750 | L20: 1750 | M20: 33.34 | N20: 75.02 | O20: 20 | P20: GDDR6 | Q20: 6 | R20: 96 | S20: 14 | T20: 70 | U20: - | V20: 4 | W20: 16 | X20: 8 | Y20: 199.9 | Z20: 248.51 | AA20: https://geizhals.eu/palit-geforce-rtx-3050-kalmx-ne63050018je-1070h-a3115967.html?hloc=at&hloc=de&hloc=eu&hloc=pl&hloc=uk | AB20: Palit GeForce RTX 3050 KalmX, 6GB GDDR6, DVI, HDMI, DP | AC20: {=(SUMPRODUCT((H20:O20/H$9:O$9)^H$7:O$7*H$2:O$2)+SUMPRODUCT((Q20:T20/Q$9:T$9)^Q$7:T$7*Q$2:T$2))*(0.8^(1-G20))*AC$9} -> 1.0980253 | AD20: {=(SUMPRODUCT((H20:O20/H$9:O$9)^H$7:O$7*H$3:O$3)+SUMPRODUCT((Q20:T20/Q$9:T$9)^Q$7:T$7*Q$3:T$3))*(0.1^(1-G20))*AD$9} -> 1.0308986 | AE20: {=(SUMPRODUCT((H20:O20/H$9:O$9)^H$7:O$7*H$4:O$4)+SUMPRODUCT((Q20:T20/Q$9:T$9)^Q$7:T$7*Q$4:T$4))*AE$9} -> 0.94407583 | AF20: {=(SUMPRODUCT((H20:O20/H$9:O$9)^H$7:O$7*H$5:O$5)+SUMPRODUCT((Q20:T20/Q$9:T$9)^Q$7:T$7*Q$5:T$5))*AF$9} -> 0.99023401 | AG20: {=SUMPRODUCT(AC20:AF20 * AC$3:AF$3) / SUM(AC$3:AF$3)} -> 1.0256619
A21: Palit GeForce RTX 3050 StormX, 6GB GDDR6, DVI, HDMI, DP | B21: NE63050018JE-1070F | C21: NVIDIA | D21: =LEFT(AB21, FIND(" ", AB21 & " ") - 1) -> Palit | E21: RTX 3000 | F21: 3050 6GB | G21: 1 | H21: 6.77 | I21: 6.77 | J21: 0.11 | K21: 1750 | L21: 1750 | M21: 33.34 | N21: 75.02 | O21: 20 | P21: GDDR6 | Q21: 6 | R21: 96 | S21: 14 | T21: 70 | U21: - | V21: 4 | W21: 16 | X21: 8 | Y21: 192.16 | Z21: 269.85 | AA21: https://geizhals.eu/palit-geforce-rtx-3050-stormx-ne63050018je-1070f-a3115965.html?hloc=at&hloc=de&hloc=eu&hloc=pl&hloc=uk | AB21: Palit GeForce RTX 3050 StormX, 6GB GDDR6, DVI, HDMI, DP | AC21: {=(SUMPRODUCT((H21:O21/H$9:O$9)^H$7:O$7*H$2:O$2)+SUMPRODUCT((Q21:T21/Q$9:T$9)^Q$7:T$7*Q$2:T$2))*(0.8^(1-G21))*AC$9} -> 1.0980253 | AD21: {=(SUMPRODUCT((H21:O21/H$9:O$9)^H$7:O$7*H$3:O$3)+SUMPRODUCT((Q21:T21/Q$9:T$9)^Q$7:T$7*Q$3:T$3))*(0.1^(1-G21))*AD$9} -> 1.0308986 | AE21: {=(SUMPRODUCT((H21:O21/H$9:O$9)^H$7:O$7*H$4:O$4)+SUMPRODUCT((Q21:T21/Q$9:T$9)^Q$7:T$7*Q$4:T$4))*AE$9} -> 0.94407583 | AF21: {=(SUMPRODUCT((H21:O21/H$9:O$9)^H$7:O$7*H$5:O$5)+SUMPRODUCT((Q21:T21/Q$9:T$9)^Q$7:T$7*Q$5:T$5))*AF$9} -> 0.99023401 | AG21: {=SUMPRODUCT(AC21:AF21 * AC$3:AF$3) / SUM(AC$3:AF$3)} -> 1.0256619
... A276: MSI GeForce RTX 4060 Ti Gaming X Slim 16G, 16GB GDDR6, HDMI, 3x DP | B276: V517-002R | C276: NVIDIA | D276: =LEFT(AB276, FIND(" ", AB276 & " ") - 1) -> MSI | E276: RTX 4000 | F276: 4060 Ti 16GB | G276: 1 | H276: 23.37 | I276: 23.37 | J276: 0.37 | K276: 2250 | L276: 2685 | M276: 121.7 | N276: 344.8 | O276: 30 | P276: GDDR6 | Q276: 16 | R276: 128 | S276: 18 | T276: 165 | U276: 1x 8-Pin PCIe | V276: 4 | W276: 16 | X276: 8 | Y276: 608.9 | Z276: 853 | AA276: https://geizhals.eu/msi-geforce-rtx-4060-ti-gaming-x-slim-16g-v517-002r-a2987085.html?hloc=at&hloc=de&hloc=eu&hloc=pl&hloc=uk | AB276: MSI GeForce RTX 4060 Ti Gaming X Slim 16G, 16GB GDDR6, HDMI, 3x DP | AC276: {=(SUMPRODUCT((H276:O276/H$9:O$9)^H$7:O$7*H$2:O$2)+SUMPRODUCT((Q276:T276/Q$9:T$9)^Q$7:T$7*Q$2:T$2))*(0.8^(1-G276))*AC$9} -> 1.9746611 | AD276: {=(SUMPRODUCT((H276:O276/H$9:O$9)^H$7:O$7*H$3:O$3)+SUMPRODUCT((Q276:T276/Q$9:T$9)^Q$7:T$7*Q$3:T$3))*(0.1^(1-G276))*AD$9} -> 2.2779993 | AE276: {=(SUMPRODUCT((H276:O276/H$9:O$9)^H$7:O$7*H$4:O$4)+SUMPRODUCT((Q276:T276/Q$9:T$9)^Q$7:T$7*Q$4:T$4))*AE$9} -> 2.0179136 | AF276: {=(SUMPRODUCT((H276:O276/H$9:O$9)^H$7:O$7*H$5:O$5)+SUMPRODUCT((Q276:T276/Q$9:T$9)^Q$7:T$7*Q$5:T$5))*AF$9} -> 1.9357349 | AG276: {=SUMPRODUCT(AC276:AF276 * AC$3:AF$3) / SUM(AC$3:AF$3)} -> 2.1415005
A277: MSI GeForce RTX 4060 Ti Gaming X Slim White 16G, 16GB GDDR6, HDMI, 3x DP | C277: NVIDIA | D277: =LEFT(AB277, FIND(" ", AB277 & " ") - 1) -> MSI | E277: RTX 4000 | F277: 4060 Ti 16GB | G277: 1 | H277: 23.37 | I277: 23.37 | J277: 0.37 | K277: 2250 | L277: 2685 | M277: 121.7 | N277: 344.8 | O277: 30 | P277: GDDR6 | Q277: 16 | R277: 128 | S277: 18 | T277: 165 | U277: 1x 8-Pin PCIe | V277: 4 | W277: 16 | X277: 8 | Y277: 610.5 | Z277: 969.42 | AA277: https://geizhals.eu/msi-geforce-rtx-4060-ti-gaming-x-slim-white-16g-a2987087.html?hloc=at&hloc=de&hloc=eu&hloc=pl&hloc=uk | AB277: MSI GeForce RTX 4060 Ti Gaming X Slim White 16G, 16GB GDDR6, HDMI, 3x DP | AC277: {=(SUMPRODUCT((H277:O277/H$9:O$9)^H$7:O$7*H$2:O$2)+SUMPRODUCT((Q277:T277/Q$9:T$9)^Q$7:T$7*Q$2:T$2))*(0.8^(1-G277))*AC$9} -> 1.9746611 | AD277: {=(SUMPRODUCT((H277:O277/H$9:O$9)^H$7:O$7*H$3:O$3)+SUMPRODUCT((Q277:T277/Q$9:T$9)^Q$7:T$7*Q$3:T$3))*(0.1^(1-G277))*AD$9} -> 2.2779993 | AE277: {=(SUMPRODUCT((H277:O277/H$9:O$9)^H$7:O$7*H$4:O$4)+SUMPRODUCT((Q277:T277/Q$9:T$9)^Q$7:T$7*Q$4:T$4))*AE$9} -> 2.0179136 | AF277: {=(SUMPRODUCT((H277:O277/H$9:O$9)^H$7:O$7*H$5:O$5)+SUMPRODUCT((Q277:T277/Q$9:T$9)^Q$7:T$7*Q$5:T$5))*AF$9} -> 1.9357349 | AG277: {=SUMPRODUCT(AC277:AF277 * AC$3:AF$3) / SUM(AC$3:AF$3)} -> 2.1415005
A278: MSI GeForce RTX 4060 Ti Ventus 2X Black 16G OC, 16GB GDDR6, HDMI, 3x DP | B278: V517-005R | C278: NVIDIA | D278: =LEFT(AB278, FIND(" ", AB278 & " ") - 1) -> MSI | E278: RTX 4000 | F278: 4060 Ti 16GB | G278: 1 | H278: 22.85 | I278: 22.85 | J278: 0.36 | K278: 2250 | L278: 2625 | M278: 121.7 | N278: 344.8 | O278: 30 | P278: GDDR6 | Q278: 16 | R278: 128 | S278: 18 | T278: 165 | U278: 1x 8-Pin PCIe | V278: 4 | W278: 16 | X278: 8 | Y278: 579 | Z278: 981.31 | AA278: https://geizhals.eu/msi-geforce-rtx-4060-ti-ventus-2x-black-16g-oc-a2986992.html?hloc=at&hloc=de&hloc=eu&hloc=pl&hloc=uk | AB278: MSI GeForce RTX 4060 Ti Ventus 2X Black 16G OC, 16GB GDDR6, HDMI, 3x DP | AC278: {=(SUMPRODUCT((H278:O278/H$9:O$9)^H$7:O$7*H$2:O$2)+SUMPRODUCT((Q278:T278/Q$9:T$9)^Q$7:T$7*Q$2:T$2))*(0.8^(1-G278))*AC$9} -> 1.9643254 | AD278: {=(SUMPRODUCT((H278:O278/H$9:O$9)^H$7:O$7*H$3:O$3)+SUMPRODUCT((Q278:T278/Q$9:T$9)^Q$7:T$7*Q$3:T$3))*(0.1^(1-G278))*AD$9} -> 2.2462296 | AE278: {=(SUMPRODUCT((H278:O278/H$9:O$9)^H$7:O$7*H$4:O$4)+SUMPRODUCT((Q278:T278/Q$9:T$9)^Q$7:T$7*Q$4:T$4))*AE$9} -> 1.9890789 | AF278: {=(SUMPRODUCT((H278:O278/H$9:O$9)^H$7:O$7*H$5:O$5)+SUMPRODUCT((Q278:T278/Q$9:T$9)^Q$7:T$7*Q$5:T$5))*AF$9} -> 1.9184158 | AG278: {=SUMPRODUCT(AC278:AF278 * AC$3:AF$3) / SUM(AC$3:AF$3)} -> 2.1160376
A279: MSI GeForce RTX 4060 Ti Ventus 3X 16G OC, 16GB GDDR6, HDMI, 3x DP | B279: V517-004R | C279: NVIDIA | D279: =LEFT(AB279, FIND(" ", AB279 & " ") - 1) -> MSI | E279: RTX 4000 | F279: 4060 Ti 16GB | G279: 1 | H279: 22.85 | I279: 22.85 | J279: 0.36 | K279: 2250 | L279: 2625 | M279: 121.7 | N279: 344.8 | O279: 30 | P279: GDDR6 | Q279: 16 | R279: 128 | S279: 18 | T279: 165 | U279: 1x 8-Pin PCIe | V279: 4 | W279: 16 | X279: 8 | Y279: 542.9 | Z279: 1050.49 | AA279: https://geizhals.eu/msi-geforce-rtx-4060-ti-ventus-3x-16g-oc-v517-004r-a2987084.html?hloc=at&hloc=de&hloc=eu&hloc=pl&hloc=uk | AB279: MSI GeForce RTX 4060 Ti Ventus 3X 16G OC, 16GB GDDR6, HDMI, 3x DP | AC279: {=(SUMPRODUCT((H279:O279/H$9:O$9)^H$7:O$7*H$2:O$2)+SUMPRODUCT((Q279:T279/Q$9:T$9)^Q$7:T$7*Q$2:T$2))*(0.8^(1-G279))*AC$9} -> 1.9643254 | AD279: {=(SUMPRODUCT((H279:O279/H$9:O$9)^H$7:O$7*H$3:O$3)+SUMPRODUCT((Q279:T279/Q$9:T$9)^Q$7:T$7*Q$3:T$3))*(0.1^(1-G279))*AD$9} -> 2.2462296 | AE279: {=(SUMPRODUCT((H279:O279/H$9:O$9)^H$7:O$7*H$4:O$4)+SUMPRODUCT((Q279:T279/Q$9:T$9)^Q$7:T$7*Q$4:T$4))*AE$9} -> 1.9890789 | AF279: {=(SUMPRODUCT((H279:O279/H$9:O$9)^H$7:O$7*H$5:O$5)+SUMPRODUCT((Q279:T279/Q$9:T$9)^Q$7:T$7*Q$5:T$5))*AF$9} -> 1.9184158 | AG279: {=SUMPRODUCT(AC279:AF279 * AC$3:AF$3) / SUM(AC$3:AF$3)} -> 2.1160376
A280: Palit GeForce RTX 4060 Ti JetStream, 16GB GDDR6, HDMI, 3x DP | B280: NE6406T019T1-1061J | C280: NVIDIA | D280: =LEFT(AB280, FIND(" ", AB280 & " ") - 1) -> Palit | E280: RTX 4000 | F280: 4060 Ti 16GB | G280: 1 | H280: 22.06 | I280: 22.06 | J280: 0.34 | K280: 2250 | L280: 2535 | M280: 121.7 | N280: 344.8 | O280: 30 | P280: GDDR6 | Q280: 16 | R280: 128 | S280: 18 | T280: 165 | U280: 1x 8-Pin PCIe | V280: 4 | W280: 16 | X280: 8 | Y280: 567.98 | Z280: 753.99 | AA280: https://geizhals.eu/palit-geforce-rtx-4060-ti-jetstream-ne6406t019t1-1061j-a3014701.html?hloc=at&hloc=de&hloc=eu&hloc=pl&hloc=uk | AB280: Palit GeForce RTX 4060 Ti JetStream, 16GB GDDR6, HDMI, 3x DP | AC280: {=(SUMPRODUCT((H280:O280/H$9:O$9)^H$7:O$7*H$2:O$2)+SUMPRODUCT((Q280:T280/Q$9:T$9)^Q$7:T$7*Q$2:T$2))*(0.8^(1-G280))*AC$9} -> 1.9487207 | AD280: {=(SUMPRODUCT((H280:O280/H$9:O$9)^H$7:O$7*H$3:O$3)+SUMPRODUCT((Q280:T280/Q$9:T$9)^Q$7:T$7*Q$3:T$3))*(0.1^(1-G280))*AD$9} -> 2.1964078 | AE280: {=(SUMPRODUCT((H280:O280/H$9:O$9)^H$7:O$7*H$4:O$4)+SUMPRODUCT((Q280:T280/Q$9:T$9)^Q$7:T$7*Q$4:T$4))*AE$9} -> 1.9352673 | AF280: {=(SUMPRODUCT((H280:O280/H$9:O$9)^H$7:O$7*H$5:O$5)+SUMPRODUCT((Q280:T280/Q$9:T$9)^Q$7:T$7*Q$5:T$5))*AF$9} -> 1.8920797 | AG280: {=SUMPRODUCT(AC280:AF280 * AC$3:AF$3) / SUM(AC$3:AF$3)} -> 2.0753897
A281: Zotac Gaming GeForce RTX 4060 Ti Twin Edge, 16GB GDDR6, HDMI, 3x DP | B281: ZT-D40620E-10M | C281: NVIDIA | D281: =LEFT(AB281, FIND(" ", AB281 & " ") - 1) -> Zotac | E281: RTX 4000 | F281: 4060 Ti 16GB | G281: 1 | H281: 22.06 | I281: 22.06 | J281: 0.34 | K281: 2250 | L281: 2535 | M281: 121.7 | N281: 344.8 | O281: 30 | P281: GDDR6 | Q281: 16 | R281: 128 | S281: 18 | T281: 165 | U281: 1x 8-Pin PCIe | V281: 4 | W281: 16 | X281: 8 | Y281: 579.54 | Z281: 994.08 | AA281: https://geizhals.eu/zotac-gaming-geforce-rtx-4060-ti-twin-edge-zt-d40620e-10m-a2951637.html?hloc=at&hloc=de&hloc=eu&hloc=pl&hloc=uk | AB281: Zotac Gaming GeForce RTX 4060 Ti Twin Edge, 16GB GDDR6, HDMI, 3x DP | AC281: {=(SUMPRODUCT((H281:O281/H$9:O$9)^H$7:O$7*H$2:O$2)+SUMPRODUCT((Q281:T281/Q$9:T$9)^Q$7:T$7*Q$2:T$2))*(0.8^(1-G281))*AC$9} -> 1.9487207 | AD281: {=(SUMPRODUCT((H281:O281/H$9:O$9)^H$7:O$7*H$3:O$3)+SUMPRODUCT((Q281:T281/Q$9:T$9)^Q$7:T$7*Q$3:T$3))*(0.1^(1-G281))*AD$9} -> 2.1964078 | AE281: {=(SUMPRODUCT((H281:O281/H$9:O$9)^H$7:O$7*H$4:O$4)+SUMPRODUCT((Q281:T281/Q$9:T$9)^Q$7:T$7*Q$4:T$4))*AE$9} -> 1.9352673 | AF281: {=(SUMPRODUCT((H281:O281/H$9:O$9)^H$7:O$7*H$5:O$5)+SUMPRODUCT((Q281:T281/Q$9:T$9)^Q$7:T$7*Q$5:T$5))*AF$9} -> 1.8920797 | AG281: {=SUMPRODUCT(AC281:AF281 * AC$3:AF$3) / SUM(AC$3:AF$3)} -> 2.0753897
A282: Zotac GeForce RTX 4060 Ti AMP SPIDER-MAN: Across the Spider-Verse Bundle, 16GB GDDR6, HDMI, 3x DP | B282: ZT-D40620F-10SMP | C282: NVIDIA | D282: =LEFT(AB282, FIND(" ", AB282 & " ") - 1) -> Zotac | E282: RTX 4000 | F282: 4060 Ti 16GB | G282: 1 | H282: 22.59 | I282: 22.59 | J282: 0.35 | K282: 2250 | L282: 2595 | M282: 121.7 | N282: 344.8 | O282: 30 | P282: GDDR6 | Q282: 16 | R282: 128 | S282: 18 | T282: 165 | U282: 1x 8-Pin PCIe | V282: 4 | W282: 16 | X282: 8 | Y282: 927.52 | Z282: 927.52 | AA282: https://geizhals.eu/zotac-geforce-rtx-4060-ti-amp-spider-man-across-the-spider-verse-bundle-zt-d40620f-10smp-a2987822.html?hloc=at&hloc=de&hloc=eu&hloc=pl&hloc=uk | AB282: Zotac GeForce RTX 4060 Ti AMP SPIDER-MAN: Across the Spider-Verse Bundle, 16GB GDDR6, HDMI, 3x DP | AC282: {=(SUMPRODUCT((H282:O282/H$9:O$9)^H$7:O$7*H$2:O$2)+SUMPRODUCT((Q282:T282/Q$9:T$9)^Q$7:T$7*Q$2:T$2))*(0.8^(1-G282))*AC$9} -> 1.9591487 | AD282: {=(SUMPRODUCT((H282:O282/H$9:O$9)^H$7:O$7*H$3:O$3)+SUMPRODUCT((Q282:T282/Q$9:T$9)^Q$7:T$7*Q$3:T$3))*(0.1^(1-G282))*AD$9} -> 2.2288671 | AE282: {=(SUMPRODUCT((H282:O282/H$9:O$9)^H$7:O$7*H$4:O$4)+SUMPRODUCT((Q282:T282/Q$9:T$9)^Q$7:T$7*Q$4:T$4))*AE$9} -> 1.9645295 | AF282: {=(SUMPRODUCT((H282:O282/H$9:O$9)^H$7:O$7*H$5:O$5)+SUMPRODUCT((Q282:T282/Q$9:T$9)^Q$7:T$7*Q$5:T$5))*AF$9} -> 1.9097404 | AG282: {=SUMPRODUCT(AC282:AF282 * AC$3:AF$3) / SUM(AC$3:AF$3)} -> 2.1013554
A283: Zotac GeForce RTX 4060 Ti AMP, 16GB GDDR6, HDMI, 3x DP | B283: ZT-D40620F-10M | C283: NVIDIA | D283: =LEFT(AB283, FIND(" ", AB283 & " ") - 1) -> Zotac | E283: RTX 4000 | F283: 4060 Ti 16GB | G283: 1 | H283: 22.59 | I283: 22.59 | J283: 0.35 | K283: 2250 | L283: 2595 | M283: 121.7 | N283: 344.8 | O283: 30 | P283: GDDR6 | Q283: 16 | R283: 128 | S283: 18 | T283: 165 | U283: 1x 8-Pin PCIe | V283: 4 | W283: 16 | X283: 8 | Y283: 609 | Z283: 1046.53 | AA283: https://geizhals.eu/zotac-geforce-rtx-4060-ti-amp-zt-d40620f-10m-a3050859.html?hloc=at&hloc=de&hloc=eu&hloc=pl&hloc=uk | AB283: Zotac GeForce RTX 4060 Ti AMP, 16GB GDDR6, HDMI, 3x DP | AC283: {=(SUMPRODUCT((H283:O283/H$9:O$9)^H$7:O$7*H$2:O$2)+SUMPRODUCT((Q283:T283/Q$9:T$9)^Q$7:T$7*Q$2:T$2))*(0.8^(1-G283))*AC$9} -> 1.9591487 | AD283: {=(SUMPRODUCT((H283:O283/H$9:O$9)^H$7:O$7*H$3:O$3)+SUMPRODUCT((Q283:T283/Q$9:T$9)^Q$7:T$7*Q$3:T$3))*(0.1^(1-G283))*AD$9} -> 2.2288671 | AE283: {=(SUMPRODUCT((H283:O283/H$9:O$9)^H$7:O$7*H$4:O$4)+SUMPRODUCT((Q283:T283/Q$9:T$9)^Q$7:T$7*Q$4:T$4))*AE$9} -> 1.9645295 | AF283: {=(SUMPRODUCT((H283:O283/H$9:O$9)^H$7:O$7*H$5:O$5)+SUMPRODUCT((Q283:T283/Q$9:T$9)^Q$7:T$7*Q$5:T$5))*AF$9} -> 1.9097404 | AG283: {=SUMPRODUCT(AC283:AF283 * AC$3:AF$3) / SUM(AC$3:AF$3)} -> 2.1013554
A284: ASUS Dual GeForce RTX 4070 EVO OC, DUAL-RTX4070-O12GD6-EVO, 12GB GDDR6, HDMI, 3x DP | B284: 90YV0LM0-M0NA00 | C284: NVIDIA | D284: =LEFT(AB284, FIND(" ", AB284 & " ") - 1) -> ASUS | E284: RTX 4000 | F284: 4070 12GB | G284: 1 | H284: 30.03 | I284: 30.03 | J284: 0.47 | K284: 2500 | L284: 2550 | M284: 122.9 | N284: 353.3 | O284: 46 | P284: GDDR6 | Q284: 12 | R284: 192 | S284: 20 | T284: 200 | U284: 1x 8-Pin PCIe | V284: 4 | W284: 16 | X284: 16 | Y284: 629.85 | Z284: 1133.99 | AA284: https://geizhals.eu/asus-dual-geforce-rtx-4070-evo-oc-a3294387.html?hloc=at&hloc=de&hloc=eu&hloc=pl&hloc=uk | AB284: ASUS Dual GeForce RTX 4070 EVO OC, DUAL-RTX4070-O12GD6-EVO, 12GB GDDR6, HDMI, 3x DP | AC284: {=(SUMPRODUCT((H284:O284/H$9:O$9)^H$7:O$7*H$2:O$2)+SUMPRODUCT((Q284:T284/Q$9:T$9)^Q$7:T$7*Q$2:T$2))*(0.8^(1-G284))*AC$9} -> 2.09993 | AD284: {=(SUMPRODUCT((H284:O284/H$9:O$9)^H$7:O$7*H$3:O$3)+SUMPRODUCT((Q284:T284/Q$9:T$9)^Q$7:T$7*Q$3:T$3))*(0.1^(1-G284))*AD$9} -> 2.635662 | AE284: {=(SUMPRODUCT((H284:O284/H$9:O$9)^H$7:O$7*H$4:O$4)+SUMPRODUCT((Q284:T284/Q$9:T$9)^Q$7:T$7*Q$4:T$4))*AE$9} -> 2.3587132 | AF284: {=(SUMPRODUCT((H284:O284/H$9:O$9)^H$7:O$7*H$5:O$5)+SUMPRODUCT((Q284:T284/Q$9:T$9)^Q$7:T$7*Q$5:T$5))*AF$9} -> 2.2037026 | AG284: {=SUMPRODUCT(AC284:AF284 * AC$3:AF$3) / SUM(AC$3:AF$3)} -> 2.443608
A285: ASUS Dual GeForce RTX 4070 EVO OC, DUAL-RTX4070-O12G-EVO, 12GB GDDR6X, HDMI, 3x DP | B285: 90YV0J15-M0NA00 | C285: NVIDIA | D285: =LEFT(AB285, FIND(" ", AB285 & " ") - 1) -> ASUS | E285: RTX 4000 | F285: 4070 12GB | G285: 1 | H285: 30.03 | I285: 30.03 | J285: 0.47 | K285: 1313 | L285: 2550 | M285: 122.9 | N285: 353.3 | O285: 46 | P285: GDDR6X | Q285: 12 | R285: 192 | S285: 21 | T285: 200 | U285: 1x 8-Pin PCIe | V285: 4 | W285: 16 | X285: 16 | Y285: 672.8 | Z285: 1179.5 | AA285: https://geizhals.eu/asus-dual-geforce-rtx-4070-evo-oc-90yv0j15-m0na00-a3105789.html?hloc=at&hloc=de&hloc=eu&hloc=pl&hloc=uk | AB285: ASUS Dual GeForce RTX 4070 EVO OC, DUAL-RTX4070-O12G-EVO, 12GB GDDR6X, HDMI, 3x DP | AC285: {=(SUMPRODUCT((H285:O285/H$9:O$9)^H$7:O$7*H$2:O$2)+SUMPRODUCT((Q285:T285/Q$9:T$9)^Q$7:T$7*Q$2:T$2))*(0.8^(1-G285))*AC$9} -> 2.0142705 | AD285: {=(SUMPRODUCT((H285:O285/H$9:O$9)^H$7:O$7*H$3:O$3)+SUMPRODUCT((Q285:T285/Q$9:T$9)^Q$7:T$7*Q$3:T$3))*(0.1^(1-G285))*AD$9} -> 2.6079913 | AE285: {=(SUMPRODUCT((H285:O285/H$9:O$9)^H$7:O$7*H$4:O$4)+SUMPRODUCT((Q285:T285/Q$9:T$9)^Q$7:T$7*Q$4:T$4))*AE$9} -> 2.3336898 | AF285: {=(SUMPRODUCT((H285:O285/H$9:O$9)^H$7:O$7*H$5:O$5)+SUMPRODUCT((Q285:T285/Q$9:T$9)^Q$7:T$7*Q$5:T$5))*AF$9} -> 2.1483612 | AG285: {=SUMPRODUCT(AC285:AF285 * AC$3:AF$3) / SUM(AC$3:AF$3)} -> 2.4019549
A286: ASUS Dual GeForce RTX 4070 EVO White OC, DUAL-RTX4070-O12G-EVO-WHITE, 12GB GDDR6X, HDMI, 3x DP | B286: 90YV0J17-M0NA00 | C286: NVIDIA | D286: =LEFT(AB286, FIND(" ", AB286 & " ") - 1) -> ASUS | E286: RTX 4000 | F286: 4070 12GB | G286: 1 | H286: 30.03 | I286: 30.03 | J286: 0.47 | K286: 1313 | L286: 2550 | M286: 122.9 | N286: 353.3 | O286: 46 | P286: GDDR6X | Q286: 12 | R286: 192 | S286: 21 | T286: 200 | U286: 1x 8-Pin PCIe | V286: 4 | W286: 16 | X286: 16 | Y286: 775.52 | Z286: 1087.99 | AA286: https://geizhals.eu/asus-dual-geforce-rtx-4070-evo-white-oc-a3294357.html?hloc=at&hloc=de&hloc=eu&hloc=pl&hloc=uk | AB286: ASUS Dual GeForce RTX 4070 EVO White OC, DUAL-RTX4070-O12G-EVO-WHITE, 12GB GDDR6X, HDMI, 3x DP | AC286: {=(SUMPRODUCT((H286:O286/H$9:O$9)^H$7:O$7*H$2:O$2)+SUMPRODUCT((Q286:T286/Q$9:T$9)^Q$7:T$7*Q$2:T$2))*(0.8^(1-G286))*AC$9} -> 2.0142705 | AD286: {=(SUMPRODUCT((H286:O286/H$9:O$9)^H$7:O$7*H$3:O$3)+SUMPRODUCT((Q286:T286/Q$9:T$9)^Q$7:T$7*Q$3:T$3))*(0.1^(1-G286))*AD$9} -> 2.6079913 | AE286: {=(SUMPRODUCT((H286:O286/H$9:O$9)^H$7:O$7*H$4:O$4)+SUMPRODUCT((Q286:T286/Q$9:T$9)^Q$7:T$7*Q$4:T$4))*AE$9} -> 2.3336898 | AF286: {=(SUMPRODUCT((H286:O286/H$9:O$9)^H$7:O$7*H$5:O$5)+SUMPRODUCT((Q286:T286/Q$9:T$9)^Q$7:T$7*Q$5:T$5))*AF$9} -> 2.1483612 | AG286: {=SUMPRODUCT(AC286:AF286 * AC$3:AF$3) / SUM(AC$3:AF$3)} -> 2.4019549
A287: ASUS Dual GeForce RTX 4070 OC, DUAL-RTX4070-O12G, 12GB GDDR6X, HDMI, 3x DP | B287: 90YV0IZ2-M0NA00 | C287: NVIDIA | D287: =LEFT(AB287, FIND(" ", AB287 & " ") - 1) -> ASUS | E287: RTX 4000 | F287: 4070 12GB | G287: 1 | H287: 30.03 | I287: 30.03 | J287: 0.47 | K287: 1313 | L287: 2550 | M287: 122.9 | N287: 353.3 | O287: 46 | P287: GDDR6X | Q287: 12 | R287: 192 | S287: 21 | T287: 200 | U287: 1x 8-Pin PCIe | V287: 4 | W287: 16 | X287: 16 | Y287: 1045.33 | Z287: 1417.74 | AA287: https://geizhals.eu/asus-dual-geforce-rtx-4070-oc-edition-90yv0iz2-m0na00-a2930755.html?hloc=at&hloc=de&hloc=eu&hloc=pl&hloc=uk | AB287: ASUS Dual GeForce RTX 4070 OC, DUAL-RTX4070-O12G, 12GB GDDR6X, HDMI, 3x DP | AC287: {=(SUMPRODUCT((H287:O287/H$9:O$9)^H$7:O$7*H$2:O$2)+SUMPRODUCT((Q287:T287/Q$9:T$9)^Q$7:T$7*Q$2:T$2))*(0.8^(1-G287))*AC$9} -> 2.0142705 | AD287: {=(SUMPRODUCT((H287:O287/H$9:O$9)^H$7:O$7*H$3:O$3)+SUMPRODUCT((Q287:T287/Q$9:T$9)^Q$7:T$7*Q$3:T$3))*(0.1^(1-G287))*AD$9} -> 2.6079913 | AE287: {=(SUMPRODUCT((H287:O287/H$9:O$9)^H$7:O$7*H$4:O$4)+SUMPRODUCT((Q287:T287/Q$9:T$9)^Q$7:T$7*Q$4:T$4))*AE$9} -> 2.3336898 | AF287: {=(SUMPRODUCT((H287:O287/H$9:O$9)^H$7:O$7*H$5:O$5)+SUMPRODUCT((Q287:T287/Q$9:T$9)^Q$7:T$7*Q$5:T$5))*AF$9} -> 2.1483612 | AG287: {=SUMPRODUCT(AC287:AF287 * AC$3:AF$3) / SUM(AC$3:AF$3)} -> 2.4019549
A288: ASUS Dual GeForce RTX 4070 White OC, DUAL-RTX4070-O12G-WHITE, 12GB GDDR6X, HDMI, 3x DP | B288: 90YV0IZ4-M0NA00 | C288: NVIDIA | D288: =LEFT(AB288, FIND(" ", AB288 & " ") - 1) -> ASUS | E288: RTX 4000 | F288: 4070 12GB | G288: 1 | H288: 30.03 | I288: 30.03 | J288: 0.47 | K288: 1313 | L288: 2550 | M288: 122.9 | N288: 353.3 | O288: 46 | P288: GDDR6X | Q288: 12 | R288: 192 | S288: 21 | T288: 200 | U288: 1x 8-Pin PCIe | V288: 4 | W288: 16 | X288: 16 | Y288: 1009.63 | Z288: 1260.44 | AA288: https://geizhals.eu/asus-dual-geforce-rtx-4070-white-oc-edition-90yv0iz4-m0na00-a2930754.html?hloc=at&hloc=de&hloc=eu&hloc=pl&hloc=uk | AB288: ASUS Dual GeForce RTX 4070 White OC, DUAL-RTX4070-O12G-WHITE, 12GB GDDR6X, HDMI, 3x DP | AC288: {=(SUMPRODUCT((H288:O288/H$9:O$9)^H$7:O$7*H$2:O$2)+SUMPRODUCT((Q288:T288/Q$9:T$9)^Q$7:T$7*Q$2:T$2))*(0.8^(1-G288))*AC$9} -> 2.0142705 | AD288: {=(SUMPRODUCT((H288:O288/H$9:O$9)^H$7:O$7*H$3:O$3)+SUMPRODUCT((Q288:T288/Q$9:T$9)^Q$7:T$7*Q$3:T$3))*(0.1^(1-G288))*AD$9} -> 2.6079913 | AE288: {=(SUMPRODUCT((H288:O288/H$9:O$9)^H$7:O$7*H$4:O$4)+SUMPRODUCT((Q288:T288/Q$9:T$9)^Q$7:T$7*Q$4:T$4))*AE$9} -> 2.3336898 | AF288: {=(SUMPRODUCT((H288:O288/H$9:O$9)^H$7:O$7*H$5:O$5)+SUMPRODUCT((Q288:T288/Q$9:T$9)^Q$7:T$7*Q$5:T$5))*AF$9} -> 2.1483612 | AG288: {=SUMPRODUCT(AC288:AF288 * AC$3:AF$3) / SUM(AC$3:AF$3)} -> 2.4019549
A289: ASUS Dual GeForce RTX 4070 White, DUAL-RTX4070-12G-WHITE, 12GB GDDR6X, HDMI, 3x DP | B289: 90YV0IZ5-M0NA00 | C289: NVIDIA | D289: =LEFT(AB289, FIND(" ", AB289 & " ") - 1) -> ASUS | E289: RTX 4000 | F289: 4070 12GB | G289: 1 | H289: 29.5 | I289: 29.5 | J289: 0.46 | K289: 1313 | L289: 2505 | M289: 122.9 | N289: 353.3 | O289: 46 | P289: GDDR6X | Q289: 12 | R289: 192 | S289: 21 | T289: 200 | U289: 1x 8-Pin PCIe | V289: 4 | W289: 16 | X289: 16 | Y289: 1076.44 | Z289: 1198.05 | AA289: https://geizhals.eu/asus-dual-geforce-rtx-4070-white-edition-90yv0iz5-m0na00-a2930752.html?hloc=at&hloc=de&hloc=eu&hloc=pl&hloc=uk | AB289: ASUS Dual GeForce RTX 4070 White, DUAL-RTX4070-12G-WHITE, 12GB GDDR6X, HDMI, 3x DP | AC289: {=(SUMPRODUCT((H289:O289/H$9:O$9)^H$7:O$7*H$2:O$2)+SUMPRODUCT((Q289:T289/Q$9:T$9)^Q$7:T$7*Q$2:T$2))*(0.8^(1-G289))*AC$9} -> 2.0057756 | AD289: {=(SUMPRODUCT((H289:O289/H$9:O$9)^H$7:O$7*H$3:O$3)+SUMPRODUCT((Q289:T289/Q$9:T$9)^Q$7:T$7*Q$3:T$3))*(0.1^(1-G289))*AD$9} -> 2.5770885 | AE289: {=(SUMPRODUCT((H289:O289/H$9:O$9)^H$7:O$7*H$4:O$4)+SUMPRODUCT((Q289:T289/Q$9:T$9)^Q$7:T$7*Q$4:T$4))*AE$9} -> 2.3058568 | AF289: {=(SUMPRODUCT((H289:O289/H$9:O$9)^H$7:O$7*H$5:O$5)+SUMPRODUCT((Q289:T289/Q$9:T$9)^Q$7:T$7*Q$5:T$5))*AF$9} -> 2.1318934 | AG289: {=SUMPRODUCT(AC289:AF289 * AC$3:AF$3) / SUM(AC$3:AF$3)} -> 2.3775336
... A359: MSI GeForce RTX 4070 SUPER 12G Ventus 2X White OC, 12GB GDDR6X, HDMI, 3x DP | B359: V513-642R | C359: NVIDIA | D359: =LEFT(AB359, FIND(" ", AB359 & " ") - 1) -> MSI | E359: RTX 4000 | F359: 4070 SUPER 12GB | G359: 1 | H359: 36.13 | I359: 36.13 | J359: 0.56 | K359: 1313 | L359: 2520 | M359: 158.4 | N359: 443.5 | O359: 46 | P359: GDDR6X | Q359: 12 | R359: 192 | S359: 21 | T359: 220 | U359: 1x 12VHPWR (via Adapter: 2x 8-Pin PCIe) | V359: 4 | W359: 16 | X359: 16 | Y359: 1341.54 | Z359: 1341.54 | AA359: https://geizhals.eu/msi-geforce-rtx-4070-super-12g-ventus-2x-white-oc-a3101003.html?hloc=at&hloc=de&hloc=eu&hloc=pl&hloc=uk | AB359: MSI GeForce RTX 4070 SUPER 12G Ventus 2X White OC, 12GB GDDR6X, HDMI, 3x DP | AC359: {=(SUMPRODUCT((H359:O359/H$9:O$9)^H$7:O$7*H$2:O$2)+SUMPRODUCT((Q359:T359/Q$9:T$9)^Q$7:T$7*Q$2:T$2))*(0.8^(1-G359))*AC$9} -> 2.1949639 | AD359: {=(SUMPRODUCT((H359:O359/H$9:O$9)^H$7:O$7*H$3:O$3)+SUMPRODUCT((Q359:T359/Q$9:T$9)^Q$7:T$7*Q$3:T$3))*(0.1^(1-G359))*AD$9} -> 2.9372481 | AE359: {=(SUMPRODUCT((H359:O359/H$9:O$9)^H$7:O$7*H$4:O$4)+SUMPRODUCT((Q359:T359/Q$9:T$9)^Q$7:T$7*Q$4:T$4))*AE$9} -> 2.6016911 | AF359: {=(SUMPRODUCT((H359:O359/H$9:O$9)^H$7:O$7*H$5:O$5)+SUMPRODUCT((Q359:T359/Q$9:T$9)^Q$7:T$7*Q$5:T$5))*AF$9} -> 2.3837858 | AG359: {=SUMPRODUCT(AC359:AF359 * AC$3:AF$3) / SUM(AC$3:AF$3)} -> 2.6840062
A360: MSI GeForce RTX 4070 SUPER 12G Ventus 3X OC, 12GB GDDR6X, HDMI, 3x DP | C360: NVIDIA | D360: =LEFT(AB360, FIND(" ", AB360 & " ") - 1) -> MSI | E360: RTX 4000 | F360: 4070 SUPER 12GB | G360: 1 | H360: 36.13 | I360: 36.13 | J360: 0.56 | K360: 1313 | L360: 2520 | M360: 158.4 | N360: 443.5 | O360: 46 | P360: GDDR6X | Q360: 12 | R360: 192 | S360: 21 | T360: 220 | U360: 1x 12VHPWR (via Adapter: 2x 8-Pin PCIe) | V360: 4 | W360: 16 | X360: 16 | Y360: 833.87 | Z360: 1199 | AA360: https://geizhals.eu/msi-geforce-rtx-4070-super-12g-ventus-3x-oc-a3101168.html?hloc=at&hloc=de&hloc=eu&hloc=pl&hloc=uk | AB360: MSI GeForce RTX 4070 SUPER 12G Ventus 3X OC, 12GB GDDR6X, HDMI, 3x DP | AC360: {=(SUMPRODUCT((H360:O360/H$9:O$9)^H$7:O$7*H$2:O$2)+SUMPRODUCT((Q360:T360/Q$9:T$9)^Q$7:T$7*Q$2:T$2))*(0.8^(1-G360))*AC$9} -> 2.1949639 | AD360: {=(SUMPRODUCT((H360:O360/H$9:O$9)^H$7:O$7*H$3:O$3)+SUMPRODUCT((Q360:T360/Q$9:T$9)^Q$7:T$7*Q$3:T$3))*(0.1^(1-G360))*AD$9} -> 2.9372481 | AE360: {=(SUMPRODUCT((H360:O360/H$9:O$9)^H$7:O$7*H$4:O$4)+SUMPRODUCT((Q360:T360/Q$9:T$9)^Q$7:T$7*Q$4:T$4))*AE$9} -> 2.6016911 | AF360: {=(SUMPRODUCT((H360:O360/H$9:O$9)^H$7:O$7*H$5:O$5)+SUMPRODUCT((Q360:T360/Q$9:T$9)^Q$7:T$7*Q$5:T$5))*AF$9} -> 2.3837858 | AG360: {=SUMPRODUCT(AC360:AF360 * AC$3:AF$3) / SUM(AC$3:AF$3)} -> 2.6840062
A361: Palit GeForce RTX 4070 SUPER Dual OC, 12GB GDDR6X, HDMI, 3x DP | B361: NED407SS19K9-1043D | C361: NVIDIA | D361: =LEFT(AB361, FIND(" ", AB361 & " ") - 1) -> Palit | E361: RTX 4000 | F361: 4070 SUPER 12GB | G361: 1 | H361: 36.56 | I361: 36.56 | J361: 0.57 | K361: 1313 | L361: 2550 | M361: 158.4 | N361: 443.5 | O361: 46 | P361: GDDR6X | Q361: 12 | R361: 192 | S361: 21 | T361: 220 | U361: 1x 12VHPWR (via Adapter: 2x 8-Pin PCIe) | V361: 4 | W361: 16 | X361: 16 | Y361: 1283.7 | Z361: 1283.7 | AA361: https://geizhals.eu/palit-geforce-rtx-4070-super-dual-oc-ned407ss19k9-1043d-a3098386.html?hloc=at&hloc=de&hloc=eu&hloc=pl&hloc=uk | AB361: Palit GeForce RTX 4070 SUPER Dual OC, 12GB GDDR6X, HDMI, 3x DP | AC361: {=(SUMPRODUCT((H361:O361/H$9:O$9)^H$7:O$7*H$2:O$2)+SUMPRODUCT((Q361:T361/Q$9:T$9)^Q$7:T$7*Q$2:T$2))*(0.8^(1-G361))*AC$9} -> 2.2010013 | AD361: {=(SUMPRODUCT((H361:O361/H$9:O$9)^H$7:O$7*H$3:O$3)+SUMPRODUCT((Q361:T361/Q$9:T$9)^Q$7:T$7*Q$3:T$3))*(0.1^(1-G361))*AD$9} -> 2.9620129 | AE361: {=(SUMPRODUCT((H361:O361/H$9:O$9)^H$7:O$7*H$4:O$4)+SUMPRODUCT((Q361:T361/Q$9:T$9)^Q$7:T$7*Q$4:T$4))*AE$9} -> 2.627003 | AF361: {=(SUMPRODUCT((H361:O361/H$9:O$9)^H$7:O$7*H$5:O$5)+SUMPRODUCT((Q361:T361/Q$9:T$9)^Q$7:T$7*Q$5:T$5))*AF$9} -> 2.3965746 | AG361: {=SUMPRODUCT(AC361:AF361 * AC$3:AF$3) / SUM(AC$3:AF$3)} -> 2.7037146
A362: Palit GeForce RTX 4070 SUPER Dual, 12GB GDDR6X, HDMI, 3x DP | B362: NED407S019K9-1043D | C362: NVIDIA | D362: =LEFT(AB362, FIND(" ", AB362 & " ") - 1) -> Palit | E362: RTX 4000 | F362: 4070 SUPER 12GB | G362: 1 | H362: 35.48 | I362: 35.48 | J362: 0.55 | K362: 1313 | L362: 2475 | M362: 158.4 | N362: 443.5 | O362: 46 | P362: GDDR6X | Q362: 12 | R362: 192 | S362: 21 | T362: 220 | U362: 1x 12VHPWR (via Adapter: 2x 8-Pin PCIe) | V362: 4 | W362: 16 | X362: 16 | Y362: 788.78 | Z362: 1276.46 | AA362: https://geizhals.eu/palit-geforce-rtx-4070-super-dual-ned407s019k9-1043d-a3098377.html?hloc=at&hloc=de&hloc=eu&hloc=pl&hloc=uk | AB362: Palit GeForce RTX 4070 SUPER Dual, 12GB GDDR6X, HDMI, 3x DP | AC362: {=(SUMPRODUCT((H362:O362/H$9:O$9)^H$7:O$7*H$2:O$2)+SUMPRODUCT((Q362:T362/Q$9:T$9)^Q$7:T$7*Q$2:T$2))*(0.8^(1-G362))*AC$9} -> 2.1858671 | AD362: {=(SUMPRODUCT((H362:O362/H$9:O$9)^H$7:O$7*H$3:O$3)+SUMPRODUCT((Q362:T362/Q$9:T$9)^Q$7:T$7*Q$3:T$3))*(0.1^(1-G362))*AD$9} -> 2.9010894 | AE362: {=(SUMPRODUCT((H362:O362/H$9:O$9)^H$7:O$7*H$4:O$4)+SUMPRODUCT((Q362:T362/Q$9:T$9)^Q$7:T$7*Q$4:T$4))*AE$9} -> 2.5727359 | AF362: {=(SUMPRODUCT((H362:O362/H$9:O$9)^H$7:O$7*H$5:O$5)+SUMPRODUCT((Q362:T362/Q$9:T$9)^Q$7:T$7*Q$5:T$5))*AF$9} -> 2.3644398 | AG362: {=SUMPRODUCT(AC362:AF362 * AC$3:AF$3) / SUM(AC$3:AF$3)} -> 2.6559604
A363: Palit GeForce RTX 4070 SUPER JetStream OC, 12GB GDDR6X, HDMI, 3x DP | B363: NED407ST19K9-1043J | C363: NVIDIA | D363: =LEFT(AB363, FIND(" ", AB363 & " ") - 1) -> Palit | E363: RTX 4000 | F363: 4070 SUPER 12GB | G363: 1 | H363: 37.85 | I363: 37.85 | J363: 0.59 | K363: 1313 | L363: 2640 | M363: 158.4 | N363: 443.5 | O363: 46 | P363: GDDR6X | Q363: 12 | R363: 192 | S363: 21 | T363: 220 | U363: 1x 12VHPWR (via Adapter: 2x 8-Pin PCIe) | V363: 4 | W363: 16 | X363: 16 | Y363: 903.84 | Z363: 903.84 | AA363: https://geizhals.eu/palit-geforce-rtx-4070-super-jetstream-oc-ned407st19k9-1043j-a3098392.html?hloc=at&hloc=de&hloc=eu&hloc=pl&hloc=uk | AB363: Palit GeForce RTX 4070 SUPER JetStream OC, 12GB GDDR6X, HDMI, 3x DP | AC363: {=(SUMPRODUCT((H363:O363/H$9:O$9)^H$7:O$7*H$2:O$2)+SUMPRODUCT((Q363:T363/Q$9:T$9)^Q$7:T$7*Q$2:T$2))*(0.8^(1-G363))*AC$9} -> 2.2190715 | AD363: {=(SUMPRODUCT((H363:O363/H$9:O$9)^H$7:O$7*H$3:O$3)+SUMPRODUCT((Q363:T363/Q$9:T$9)^Q$7:T$7*Q$3:T$3))*(0.1^(1-G363))*AD$9} -> 3.0334616 | AE363: {=(SUMPRODUCT((H363:O363/H$9:O$9)^H$7:O$7*H$4:O$4)+SUMPRODUCT((Q363:T363/Q$9:T$9)^Q$7:T$7*Q$4:T$4))*AE$9} -> 2.6843485 | AF363: {=(SUMPRODUCT((H363:O363/H$9:O$9)^H$7:O$7*H$5:O$5)+SUMPRODUCT((Q363:T363/Q$9:T$9)^Q$7:T$7*Q$5:T$5))*AF$9} -> 2.4348447 | AG363: {=SUMPRODUCT(AC363:AF363 * AC$3:AF$3) / SUM(AC$3:AF$3)} -> 2.7591701
A364: Zotac Gaming GeForce RTX 4070 SUPER Trinity OC Black Edition, 12GB GDDR6X, HDMI, 3x DP | B364: ZT-D40720J-10P | C364: NVIDIA | D364: =LEFT(AB364, FIND(" ", AB364 & " ") - 1) -> Zotac | E364: RTX 4000 | F364: 4070 SUPER 12GB | G364: 1 | H364: 35.91 | I364: 35.91 | J364: 0.56 | K364: 1313 | L364: 2505 | M364: 158.4 | N364: 443.5 | O364: 46 | P364: GDDR6X | Q364: 12 | R364: 192 | S364: 21 | T364: 220 | U364: 1x 12VHPWR (via Adapter: 2x 8-Pin PCIe) | V364: 4 | W364: 16 | X364: 16 | Y364: 846.2 | Z364: 907.63 | AA364: https://geizhals.eu/zotac-gaming-geforce-rtx-4070-super-trinity-oc-black-edition-zt-d40720j-10p-a3113763.html?hloc=at&hloc=de&hloc=eu&hloc=pl&hloc=uk | AB364: Zotac Gaming GeForce RTX 4070 SUPER Trinity OC Black Edition, 12GB GDDR6X, HDMI, 3x DP | AC364: {=(SUMPRODUCT((H364:O364/H$9:O$9)^H$7:O$7*H$2:O$2)+SUMPRODUCT((Q364:T364/Q$9:T$9)^Q$7:T$7*Q$2:T$2))*(0.8^(1-G364))*AC$9} -> 2.1919154 | AD364: {=(SUMPRODUCT((H364:O364/H$9:O$9)^H$7:O$7*H$3:O$3)+SUMPRODUCT((Q364:T364/Q$9:T$9)^Q$7:T$7*Q$3:T$3))*(0.1^(1-G364))*AD$9} -> 2.9259146 | AE364: {=(SUMPRODUCT((H364:O364/H$9:O$9)^H$7:O$7*H$4:O$4)+SUMPRODUCT((Q364:T364/Q$9:T$9)^Q$7:T$7*Q$4:T$4))*AE$9} -> 2.598126 | AF364: {=(SUMPRODUCT((H364:O364/H$9:O$9)^H$7:O$7*H$5:O$5)+SUMPRODUCT((Q364:T364/Q$9:T$9)^Q$7:T$7*Q$5:T$5))*AF$9} -> 2.3772536 | AG364: {=SUMPRODUCT(AC364:AF364 * AC$3:AF$3) / SUM(AC$3:AF$3)} -> 2.6757169
A365: Zotac Gaming GeForce RTX 4070 SUPER Twin Edge OC White Edition, 12GB GDDR6X, HDMI, 3x DP | B365: ZT-D40720Q-10M | C365: NVIDIA | D365: =LEFT(AB365, FIND(" ", AB365 & " ") - 1) -> Zotac | E365: RTX 4000 | F365: 4070 SUPER 12GB | G365: 1 | H365: 35.7 | I365: 35.7 | J365: 0.56 | K365: 1313 | L365: 2490 | M365: 158.4 | N365: 443.5 | O365: 46 | P365: GDDR6X | Q365: 12 | R365: 192 | S365: 21 | T365: 220 | U365: 1x 12VHPWR (via Adapter: 2x 8-Pin PCIe) | V365: 4 | W365: 16 | X365: 16 | Y365: 692 | Z365: 819.15 | AA365: https://geizhals.eu/zotac-gaming-geforce-rtx-4070-super-twin-edge-oc-white-edition-zt-d40720q-10m-a3147714.html?hloc=at&hloc=de&hloc=eu&hloc=pl&hloc=uk | AB365: Zotac Gaming GeForce RTX 4070 SUPER Twin Edge OC White Edition, 12GB GDDR6X, HDMI, 3x DP | AC365: {=(SUMPRODUCT((H365:O365/H$9:O$9)^H$7:O$7*H$2:O$2)+SUMPRODUCT((Q365:T365/Q$9:T$9)^Q$7:T$7*Q$2:T$2))*(0.8^(1-G365))*AC$9} -> 2.1889192 | AD365: {=(SUMPRODUCT((H365:O365/H$9:O$9)^H$7:O$7*H$3:O$3)+SUMPRODUCT((Q365:T365/Q$9:T$9)^Q$7:T$7*Q$3:T$3))*(0.1^(1-G365))*AD$9} -> 2.915071 | AE365: {=(SUMPRODUCT((H365:O365/H$9:O$9)^H$7:O$7*H$4:O$4)+SUMPRODUCT((Q365:T365/Q$9:T$9)^Q$7:T$7*Q$4:T$4))*AE$9} -> 2.5947209 | AF365: {=(SUMPRODUCT((H365:O365/H$9:O$9)^H$7:O$7*H$5:O$5)+SUMPRODUCT((Q365:T365/Q$9:T$9)^Q$7:T$7*Q$5:T$5))*AF$9} -> 2.3709805 | AG365: {=SUMPRODUCT(AC365:AF365 * AC$3:AF$3) / SUM(AC$3:AF$3)} -> 2.6677695
A366: Zotac Gaming GeForce RTX 4070 SUPER Twin Edge OC, 12GB GDDR6X, HDMI, 3x DP | B366: ZT-D40720H-10M | C366: NVIDIA | D366: =LEFT(AB366, FIND(" ", AB366 & " ") - 1) -> Zotac | E366: RTX 4000 | F366: 4070 SUPER 12GB | G366: 1 | H366: 35.7 | I366: 35.7 | J366: 0.56 | K366: 1313 | L366: 2490 | M366: 158.4 | N366: 443.5 | O366: 46 | P366: GDDR6X | Q366: 12 | R366: 192 | S366: 21 | T366: 220 | U366: 1x 12VHPWR (via Adapter: 2x 8-Pin PCIe) | V366: 4 | W366: 16 | X366: 16 | Y366: 748.62 | Z366: 1279.1 | AA366: https://geizhals.eu/zotac-gaming-geforce-rtx-4070-super-twin-edge-oc-zt-d40720h-10m-a3098424.html?hloc=at&hloc=de&hloc=eu&hloc=pl&hloc=uk | AB366: Zotac Gaming GeForce RTX 4070 SUPER Twin Edge OC, 12GB GDDR6X, HDMI, 3x DP | AC366: {=(SUMPRODUCT((H366:O366/H$9:O$9)^H$7:O$7*H$2:O$2)+SUMPRODUCT((Q366:T366/Q$9:T$9)^Q$7:T$7*Q$2:T$2))*(0.8^(1-G366))*AC$9} -> 2.1889192 | AD366: {=(SUMPRODUCT((H366:O366/H$9:O$9)^H$7:O$7*H$3:O$3)+SUMPRODUCT((Q366:T366/Q$9:T$9)^Q$7:T$7*Q$3:T$3))*(0.1^(1-G366))*AD$9} -> 2.915071 | AE366: {=(SUMPRODUCT((H366:O366/H$9:O$9)^H$7:O$7*H$4:O$4)+SUMPRODUCT((Q366:T366/Q$9:T$9)^Q$7:T$7*Q$4:T$4))*AE$9} -> 2.5947209 | AF366: {=(SUMPRODUCT((H366:O366/H$9:O$9)^H$7:O$7*H$5:O$5)+SUMPRODUCT((Q366:T366/Q$9:T$9)^Q$7:T$7*Q$5:T$5))*AF$9} -> 2.3709805 | AG366: {=SUMPRODUCT(AC366:AF366 * AC$3:AF$3) / SUM(AC$3:AF$3)} -> 2.6677695
A367: Zotac Gaming GeForce RTX 4070 SUPER Twin Edge, 12GB GDDR6X, HDMI, 3x DP | B367: ZT-D40720E-10M | C367: NVIDIA | D367: =LEFT(AB367, FIND(" ", AB367 & " ") - 1) -> Zotac | E367: RTX 4000 | F367: 4070 SUPER 12GB | G367: 1 | H367: 35.48 | I367: 35.48 | J367: 0.55 | K367: 1313 | L367: 2475 | M367: 158.4 | N367: 443.5 | O367: 46 | P367: GDDR6X | Q367: 12 | R367: 192 | S367: 21 | T367: 220 | U367: 1x 12VHPWR (via Adapter: 2x 8-Pin PCIe) | V367: 4 | W367: 16 | X367: 16 | Y367: 753.66 | Z367: 1196.98 | AA367: https://geizhals.eu/zotac-gaming-geforce-rtx-4070-super-twin-edge-zt-d40720e-10m-a3098406.html?hloc=at&hloc=de&hloc=eu&hloc=pl&hloc=uk | AB367: Zotac Gaming GeForce RTX 4070 SUPER Twin Edge, 12GB GDDR6X, HDMI, 3x DP | AC367: {=(SUMPRODUCT((H367:O367/H$9:O$9)^H$7:O$7*H$2:O$2)+SUMPRODUCT((Q367:T367/Q$9:T$9)^Q$7:T$7*Q$2:T$2))*(0.8^(1-G367))*AC$9} -> 2.1858671 | AD367: {=(SUMPRODUCT((H367:O367/H$9:O$9)^H$7:O$7*H$3:O$3)+SUMPRODUCT((Q367:T367/Q$9:T$9)^Q$7:T$7*Q$3:T$3))*(0.1^(1-G367))*AD$9} -> 2.9010894 | AE367: {=(SUMPRODUCT((H367:O367/H$9:O$9)^H$7:O$7*H$4:O$4)+SUMPRODUCT((Q367:T367/Q$9:T$9)^Q$7:T$7*Q$4:T$4))*AE$9} -> 2.5727359 | AF367: {=(SUMPRODUCT((H367:O367/H$9:O$9)^H$7:O$7*H$5:O$5)+SUMPRODUCT((Q367:T367/Q$9:T$9)^Q$7:T$7*Q$5:T$5))*AF$9} -> 2.3644398 | AG367: {=SUMPRODUCT(AC367:AF367 * AC$3:AF$3) / SUM(AC$3:AF$3)} -> 2.6559604
A368: ASUS ProArt GeForce RTX 4070 Ti OC, PROART-RTX4070TI-O12G, 12GB GDDR6X, HDMI, 3x DP | B368: 90YV0J30-M0NA00 | C368: NVIDIA | D368: =LEFT(AB368, FIND(" ", AB368 & " ") - 1) -> ASUS | E368: RTX 4000 | F368: 4070 Ti 12GB | G368: 1 | H368: 40.55 | I368: 40.55 | J368: 0.63 | K368: 1313 | L368: 2640 | M368: 184.8 | N368: 554.4 | O368: 60 | P368: GDDR6X | Q368: 12 | R368: 192 | S368: 21 | T368: 285 | U368: 1x 12VHPWR (via Adapter: 2x 8-Pin PCIe) | V368: 4 | W368: 16 | X368: 16 | Y368: 1643.34 | Z368: 1744.83 | AA368: https://geizhals.eu/asus-proart-geforce-rtx-4070-ti-oc-a2944628.html?hloc=at&hloc=de&hloc=eu&hloc=pl&hloc=uk | AB368: ASUS ProArt GeForce RTX 4070 Ti OC, PROART-RTX4070TI-O12G, 12GB GDDR6X, HDMI, 3x DP | AC368: {=(SUMPRODUCT((H368:O368/H$9:O$9)^H$7:O$7*H$2:O$2)+SUMPRODUCT((Q368:T368/Q$9:T$9)^Q$7:T$7*Q$2:T$2))*(0.8^(1-G368))*AC$9} -> 2.4234757 | AD368: {=(SUMPRODUCT((H368:O368/H$9:O$9)^H$7:O$7*H$3:O$3)+SUMPRODUCT((Q368:T368/Q$9:T$9)^Q$7:T$7*Q$3:T$3))*(0.1^(1-G368))*AD$9} -> 3.1734431 | AE368: {=(SUMPRODUCT((H368:O368/H$9:O$9)^H$7:O$7*H$4:O$4)+SUMPRODUCT((Q368:T368/Q$9:T$9)^Q$7:T$7*Q$4:T$4))*AE$9} -> 2.8000208 | AF368: {=(SUMPRODUCT((H368:O368/H$9:O$9)^H$7:O$7*H$5:O$5)+SUMPRODUCT((Q368:T368/Q$9:T$9)^Q$7:T$7*Q$5:T$5))*AF$9} -> 2.6215477 | AG368: {=SUMPRODUCT(AC368:AF368 * AC$3:AF$3) / SUM(AC$3:AF$3)} -> 2.9149746
A369: ASUS ProArt GeForce RTX 4070 Ti, PROART-RTX4070TI-12G, 12GB GDDR6X, HDMI, 3x DP | B369: 90YV0J31-M0NB00 | C369: NVIDIA | D369: =LEFT(AB369, FIND(" ", AB369 & " ") - 1) -> ASUS | E369: RTX 4000 | F369: 4070 Ti 12GB | G369: 1 | H369: 40.55 | I369: 40.55 | J369: 0.63 | K369: 1313 | L369: 2640 | M369: 184.8 | N369: 554.4 | O369: 60 | P369: GDDR6X | Q369: 12 | R369: 192 | S369: 21 | T369: 285 | U369: 1x 12VHPWR (via Adapter: 2x 8-Pin PCIe) | V369: 4 | W369: 16 | X369: 16 | Y369: 1616.31 | Z369: 1616.31 | AA369: https://geizhals.eu/asus-proart-geforce-rtx-4070-ti-90yv0j31-m0nb00-a2944626.html?hloc=at&hloc=de&hloc=eu&hloc=pl&hloc=uk | AB369: ASUS ProArt GeForce RTX 4070 Ti, PROART-RTX4070TI-12G, 12GB GDDR6X, HDMI, 3x DP | AC369: {=(SUMPRODUCT((H369:O369/H$9:O$9)^H$7:O$7*H$2:O$2)+SUMPRODUCT((Q369:T369/Q$9:T$9)^Q$7:T$7*Q$2:T$2))*(0.8^(1-G369))*AC$9} -> 2.4234757 | AD369: {=(SUMPRODUCT((H369:O369/H$9:O$9)^H$7:O$7*H$3:O$3)+SUMPRODUCT((Q369:T369/Q$9:T$9)^Q$7:T$7*Q$3:T$3))*(0.1^(1-G369))*AD$9} -> 3.1734431 | AE369: {=(SUMPRODUCT((H369:O369/H$9:O$9)^H$7:O$7*H$4:O$4)+SUMPRODUCT((Q369:T369/Q$9:T$9)^Q$7:T$7*Q$4:T$4))*AE$9} -> 2.8000208 | AF369: {=(SUMPRODUCT((H369:O369/H$9:O$9)^H$7:O$7*H$5:O$5)+SUMPRODUCT((Q369:T369/Q$9:T$9)^Q$7:T$7*Q$5:T$5))*AF$9} -> 2.6215477 | AG369: {=SUMPRODUCT(AC369:AF369 * AC$3:AF$3) / SUM(AC$3:AF$3)} -> 2.9149746
A370: ASUS ROG Strix GeForce RTX 4070 Ti OC, ROG-STRIX-RTX4070TI-O12G-GAMING, 12GB GDDR6X, 2x HDMI, 3x DP | B370: 90YV0II0-M0NA00 | C370: NVIDIA | D370: =LEFT(AB370, FIND(" ", AB370 & " ") - 1) -> ASUS | E370: RTX 4000 | F370: 4070 Ti 12GB | G370: 1 | H370: 42.85 | I370: 42.85 | J370: 0.67 | K370: 1313 | L370: 2790 | M370: 184.8 | N370: 554.4 | O370: 60 | P370: GDDR6X | Q370: 12 | R370: 192 | S370: 21 | T370: 285 | U370: 1x 12VHPWR (via Adapter: 3x 8-Pin PCIe) | V370: 4 | W370: 16 | X370: 16 | Y370: 1990.3 | Z370: 2343.79 | AA370: https://geizhals.eu/asus-rog-strix-geforce-rtx-4070-ti-oc-a2871182.html?hloc=at&hloc=de&hloc=eu&hloc=pl&hloc=uk | AB370: ASUS ROG Strix GeForce RTX 4070 Ti OC, ROG-STRIX-RTX4070TI-O12G-GAMING, 12GB GDDR6X, 2x HDMI, 3x DP | AC370: {=(SUMPRODUCT((H370:O370/H$9:O$9)^H$7:O$7*H$2:O$2)+SUMPRODUCT((Q370:T370/Q$9:T$9)^Q$7:T$7*Q$2:T$2))*(0.8^(1-G370))*AC$9} -> 2.4541764 | AD370: {=(SUMPRODUCT((H370:O370/H$9:O$9)^H$7:O$7*H$3:O$3)+SUMPRODUCT((Q370:T370/Q$9:T$9)^Q$7:T$7*Q$3:T$3))*(0.1^(1-G370))*AD$9} -> 3.2997979 | AE370: {=(SUMPRODUCT((H370:O370/H$9:O$9)^H$7:O$7*H$4:O$4)+SUMPRODUCT((Q370:T370/Q$9:T$9)^Q$7:T$7*Q$4:T$4))*AE$9} -> 2.9081247 | AF370: {=(SUMPRODUCT((H370:O370/H$9:O$9)^H$7:O$7*H$5:O$5)+SUMPRODUCT((Q370:T370/Q$9:T$9)^Q$7:T$7*Q$5:T$5))*AF$9} -> 2.6884866 | AG370: {=SUMPRODUCT(AC370:AF370 * AC$3:AF$3) / SUM(AC$3:AF$3)} -> 3.0134565
A371: ASUS ROG Strix GeForce RTX 4070 Ti, ROG-STRIX-RTX4070TI-12G-GAMING, 12GB GDDR6X, 2x HDMI, 3x DP | B371: 90YV0II1-M0NA00 | C371: NVIDIA | D371: =LEFT(AB371, FIND(" ", AB371 & " ") - 1) -> ASUS | E371: RTX 4000 | F371: 4070 Ti 12GB | G371: 1 | H371: 40.55 | I371: 40.55 | J371: 0.63 | K371: 1313 | L371: 2640 | M371: 184.8 | N371: 554.4 | O371: 60 | P371: GDDR6X | Q371: 12 | R371: 192 | S371: 21 | T371: 285 | U371: 1x 12VHPWR (via Adapter: 3x 8-Pin PCIe) | V371: 4 | W371: 16 | X371: 16 | Y371: 1698.49 | Z371: 1901.24 | AA371: https://geizhals.eu/asus-rog-strix-geforce-rtx-4070-ti-a2871183.html?hloc=at&hloc=de&hloc=eu&hloc=pl&hloc=uk | AB371: ASUS ROG Strix GeForce RTX 4070 Ti, ROG-STRIX-RTX4070TI-12G-GAMING, 12GB GDDR6X, 2x HDMI, 3x DP | AC371: {=(SUMPRODUCT((H371:O371/H$9:O$9)^H$7:O$7*H$2:O$2)+SUMPRODUCT((Q371:T371/Q$9:T$9)^Q$7:T$7*Q$2:T$2))*(0.8^(1-G371))*AC$9} -> 2.4234757 | AD371: {=(SUMPRODUCT((H371:O371/H$9:O$9)^H$7:O$7*H$3:O$3)+SUMPRODUCT((Q371:T371/Q$9:T$9)^Q$7:T$7*Q$3:T$3))*(0.1^(1-G371))*AD$9} -> 3.1734431 | AE371: {=(SUMPRODUCT((H371:O371/H$9:O$9)^H$7:O$7*H$4:O$4)+SUMPRODUCT((Q371:T371/Q$9:T$9)^Q$7:T$7*Q$4:T$4))*AE$9} -> 2.8000208 | AF371: {=(SUMPRODUCT((H371:O371/H$9:O$9)^H$7:O$7*H$5:O$5)+SUMPRODUCT((Q371:T371/Q$9:T$9)^Q$7:T$7*Q$5:T$5))*AF$9} -> 2.6215477 | AG371: {=SUMPRODUCT(AC371:AF371 * AC$3:AF$3) / SUM(AC$3:AF$3)} -> 2.9149746
A372: ASUS TUF Gaming GeForce RTX 4070 Ti OC, TUF-RTX4070TI-O12G-GAMING, 12GB GDDR6X, 2x HDMI, 3x DP | B372: 90YV0IJ0-M0NA00 | C372: NVIDIA | D372: =LEFT(AB372, FIND(" ", AB372 & " ") - 1) -> ASUS | E372: RTX 4000 | F372: 4070 Ti 12GB | G372: 1 | H372: 42.39 | I372: 42.39 | J372: 0.66 | K372: 1313 | L372: 2760 | M372: 184.8 | N372: 554.4 | O372: 60 | P372: GDDR6X | Q372: 12 | R372: 192 | S372: 21 | T372: 285 | U372: 1x 12VHPWR (via Adapter: 2x 8-Pin PCIe) | V372: 4 | W372: 16 | X372: 16 | Y372: 1152.09 | Z372: 2053.07 | AA372: https://geizhals.eu/asus-tuf-gaming-geforce-rtx-4070-ti-oc-a2871180.html?hloc=at&hloc=de&hloc=eu&hloc=pl&hloc=uk | AB372: ASUS TUF Gaming GeForce RTX 4070 Ti OC, TUF-RTX4070TI-O12G-GAMING, 12GB GDDR6X, 2x HDMI, 3x DP | AC372: {=(SUMPRODUCT((H372:O372/H$9:O$9)^H$7:O$7*H$2:O$2)+SUMPRODUCT((Q372:T372/Q$9:T$9)^Q$7:T$7*Q$2:T$2))*(0.8^(1-G372))*AC$9} -> 2.4480497 | AD372: {=(SUMPRODUCT((H372:O372/H$9:O$9)^H$7:O$7*H$3:O$3)+SUMPRODUCT((Q372:T372/Q$9:T$9)^Q$7:T$7*Q$3:T$3))*(0.1^(1-G372))*AD$9} -> 3.2740937 | AE372: {=(SUMPRODUCT((H372:O372/H$9:O$9)^H$7:O$7*H$4:O$4)+SUMPRODUCT((Q372:T372/Q$9:T$9)^Q$7:T$7*Q$4:T$4))*AE$9} -> 2.8830332 | AF372: {=(SUMPRODUCT((H372:O372/H$9:O$9)^H$7:O$7*H$5:O$5)+SUMPRODUCT((Q372:T372/Q$9:T$9)^Q$7:T$7*Q$5:T$5))*AF$9} -> 2.6751305 | AG372: {=SUMPRODUCT(AC372:AF372 * AC$3:AF$3) / SUM(AC$3:AF$3)} -> 2.9931413
... A452: INNO3D GeForce RTX 4080 SUPER X3, 16GB GDDR6X, HDMI, 3x DP | B452: N408S3-166X-18703552 | C452: NVIDIA | D452: =LEFT(AB452, FIND(" ", AB452 & " ") - 1) -> INNO3D | E452: RTX 4000 | F452: 4080 SUPER 16GB | G452: 1 | H452: 52.22 | I452: 52.22 | J452: 0.82 | K452: 1438 | L452: 2550 | M452: 246.9 | N452: 801.6 | O452: 76 | P452: GDDR6X | Q452: 16 | R452: 256 | S452: 23 | T452: 320 | U452: 1x 12VHPWR (via Adapter: 3x 8-Pin PCIe) | V452: 4 | W452: 16 | X452: 16 | Y452: 2309.51 | Z452: 2442.62 | AA452: https://geizhals.eu/inno3d-geforce-rtx-4080-super-x3-n408s3-166x-18703552-a3106935.html?hloc=at&hloc=de&hloc=eu&hloc=pl&hloc=uk | AB452: INNO3D GeForce RTX 4080 SUPER X3, 16GB GDDR6X, HDMI, 3x DP | AC452: {=(SUMPRODUCT((H452:O452/H$9:O$9)^H$7:O$7*H$2:O$2)+SUMPRODUCT((Q452:T452/Q$9:T$9)^Q$7:T$7*Q$2:T$2))*(0.8^(1-G452))*AC$9} -> 2.9368765 | AD452: {=(SUMPRODUCT((H452:O452/H$9:O$9)^H$7:O$7*H$3:O$3)+SUMPRODUCT((Q452:T452/Q$9:T$9)^Q$7:T$7*Q$3:T$3))*(0.1^(1-G452))*AD$9} -> 3.8939017 | AE452: {=(SUMPRODUCT((H452:O452/H$9:O$9)^H$7:O$7*H$4:O$4)+SUMPRODUCT((Q452:T452/Q$9:T$9)^Q$7:T$7*Q$4:T$4))*AE$9} -> 3.4392617 | AF452: {=(SUMPRODUCT((H452:O452/H$9:O$9)^H$7:O$7*H$5:O$5)+SUMPRODUCT((Q452:T452/Q$9:T$9)^Q$7:T$7*Q$5:T$5))*AF$9} -> 3.2150289 | AG452: {=SUMPRODUCT(AC452:AF452 * AC$3:AF$3) / SUM(AC$3:AF$3)} -> 3.5707365
A453: MSI GeForce RTX 4080 SUPER 16G Expert, 16GB GDDR6X, HDMI, 3x DP | C453: NVIDIA | D453: =LEFT(AB453, FIND(" ", AB453 & " ") - 1) -> MSI | E453: RTX 4000 | F453: 4080 SUPER 16GB | G453: 1 | H453: 53.76 | I453: 53.76 | J453: 0.84 | K453: 1438 | L453: 2625 | M453: 246.9 | N453: 801.6 | O453: 76 | P453: GDDR6X | Q453: 16 | R453: 256 | S453: 23 | T453: 320 | U453: 1x 12VHPWR (via Adapter: 3x 8-Pin PCIe) | V453: 4 | W453: 16 | X453: 16 | Y453: 2397.46 | Z453: 2397.46 | AA453: https://geizhals.eu/msi-geforce-rtx-4080-super-16g-expert-a3114458.html?hloc=at&hloc=de&hloc=eu&hloc=pl&hloc=uk | AB453: MSI GeForce RTX 4080 SUPER 16G Expert, 16GB GDDR6X, HDMI, 3x DP | AC453: {=(SUMPRODUCT((H453:O453/H$9:O$9)^H$7:O$7*H$2:O$2)+SUMPRODUCT((Q453:T453/Q$9:T$9)^Q$7:T$7*Q$2:T$2))*(0.8^(1-G453))*AC$9} -> 2.9541531 | AD453: {=(SUMPRODUCT((H453:O453/H$9:O$9)^H$7:O$7*H$3:O$3)+SUMPRODUCT((Q453:T453/Q$9:T$9)^Q$7:T$7*Q$3:T$3))*(0.1^(1-G453))*AD$9} -> 3.973637 | AE453: {=(SUMPRODUCT((H453:O453/H$9:O$9)^H$7:O$7*H$4:O$4)+SUMPRODUCT((Q453:T453/Q$9:T$9)^Q$7:T$7*Q$4:T$4))*AE$9} -> 3.4972555 | AF453: {=(SUMPRODUCT((H453:O453/H$9:O$9)^H$7:O$7*H$5:O$5)+SUMPRODUCT((Q453:T453/Q$9:T$9)^Q$7:T$7*Q$5:T$5))*AF$9} -> 3.2575878 | AG453: {=SUMPRODUCT(AC453:AF453 * AC$3:AF$3) / SUM(AC$3:AF$3)} -> 3.6314502
A454: MSI GeForce RTX 4080 SUPER 16G Gaming X Slim, 16GB GDDR6X, 2x HDMI, 2x DP | B454: V511-228R | C454: NVIDIA | D454: =LEFT(AB454, FIND(" ", AB454 & " ") - 1) -> MSI | E454: RTX 4000 | F454: 4080 SUPER 16GB | G454: 1 | H454: 53.76 | I454: 53.76 | J454: 0.84 | K454: 1438 | L454: 2625 | M454: 246.9 | N454: 801.6 | O454: 76 | P454: GDDR6X | Q454: 16 | R454: 256 | S454: 23 | T454: 320 | U454: 1x 12VHPWR (via Adapter: 3x 8-Pin PCIe) | V454: 4 | W454: 16 | X454: 16 | Y454: 2326.16 | Z454: 2326.16 | AA454: https://geizhals.eu/msi-geforce-rtx-4080-super-16g-gaming-x-slim-a3101588.html?hloc=at&hloc=de&hloc=eu&hloc=pl&hloc=uk | AB454: MSI GeForce RTX 4080 SUPER 16G Gaming X Slim, 16GB GDDR6X, 2x HDMI, 2x DP | AC454: {=(SUMPRODUCT((H454:O454/H$9:O$9)^H$7:O$7*H$2:O$2)+SUMPRODUCT((Q454:T454/Q$9:T$9)^Q$7:T$7*Q$2:T$2))*(0.8^(1-G454))*AC$9} -> 2.9541531 | AD454: {=(SUMPRODUCT((H454:O454/H$9:O$9)^H$7:O$7*H$3:O$3)+SUMPRODUCT((Q454:T454/Q$9:T$9)^Q$7:T$7*Q$3:T$3))*(0.1^(1-G454))*AD$9} -> 3.973637 | AE454: {=(SUMPRODUCT((H454:O454/H$9:O$9)^H$7:O$7*H$4:O$4)+SUMPRODUCT((Q454:T454/Q$9:T$9)^Q$7:T$7*Q$4:T$4))*AE$9} -> 3.4972555 | AF454: {=(SUMPRODUCT((H454:O454/H$9:O$9)^H$7:O$7*H$5:O$5)+SUMPRODUCT((Q454:T454/Q$9:T$9)^Q$7:T$7*Q$5:T$5))*AF$9} -> 3.2575878 | AG454: {=SUMPRODUCT(AC454:AF454 * AC$3:AF$3) / SUM(AC$3:AF$3)} -> 3.6314502
A455: MSI GeForce RTX 4080 SUPER 16G Suprim X, 16GB GDDR6X, HDMI, 3x DP | B455: V511-248R | C455: NVIDIA | D455: =LEFT(AB455, FIND(" ", AB455 & " ") - 1) -> MSI | E455: RTX 4000 | F455: 4080 SUPER 16GB | G455: 1 | H455: 54.37 | I455: 54.37 | J455: 0.85 | K455: 1438 | L455: 2655 | M455: 246.9 | N455: 801.6 | O455: 76 | P455: GDDR6X | Q455: 16 | R455: 256 | S455: 23 | T455: 320 | U455: 1x 12VHPWR (via Adapter: 3x 8-Pin PCIe) | V455: 4 | W455: 16 | X455: 16 | Y455: 2634.15 | Z455: 2634.15 | AA455: https://geizhals.eu/msi-geforce-rtx-4080-super-16g-suprim-x-a3101920.html?hloc=at&hloc=de&hloc=eu&hloc=pl&hloc=uk | AB455: MSI GeForce RTX 4080 SUPER 16G Suprim X, 16GB GDDR6X, HDMI, 3x DP | AC455: {=(SUMPRODUCT((H455:O455/H$9:O$9)^H$7:O$7*H$2:O$2)+SUMPRODUCT((Q455:T455/Q$9:T$9)^Q$7:T$7*Q$2:T$2))*(0.8^(1-G455))*AC$9} -> 2.9610188 | AD455: {=(SUMPRODUCT((H455:O455/H$9:O$9)^H$7:O$7*H$3:O$3)+SUMPRODUCT((Q455:T455/Q$9:T$9)^Q$7:T$7*Q$3:T$3))*(0.1^(1-G455))*AD$9} -> 4.0056474 | AE455: {=(SUMPRODUCT((H455:O455/H$9:O$9)^H$7:O$7*H$4:O$4)+SUMPRODUCT((Q455:T455/Q$9:T$9)^Q$7:T$7*Q$4:T$4))*AE$9} -> 3.5236778 | AF455: {=(SUMPRODUCT((H455:O455/H$9:O$9)^H$7:O$7*H$5:O$5)+SUMPRODUCT((Q455:T455/Q$9:T$9)^Q$7:T$7*Q$5:T$5))*AF$9} -> 3.2744234 | AG455: {=SUMPRODUCT(AC455:AF455 * AC$3:AF$3) / SUM(AC$3:AF$3)} -> 3.6561198
A456: MSI GeForce RTX 4080 SUPER 16G Ventus 3X OC, 16GB GDDR6X, 2x HDMI, 2x DP | B456: V511-221R | C456: NVIDIA | D456: =LEFT(AB456, FIND(" ", AB456 & " ") - 1) -> MSI | E456: RTX 4000 | F456: 4080 SUPER 16GB | G456: 1 | H456: 53.15 | I456: 53.15 | J456: 0.83 | K456: 1438 | L456: 2595 | M456: 246.9 | N456: 801.6 | O456: 76 | P456: GDDR6X | Q456: 16 | R456: 256 | S456: 23 | T456: 320 | U456: 1x 12VHPWR (via Adapter: 3x 8-Pin PCIe) | V456: 4 | W456: 16 | X456: 16 | Y456: 2254.12 | Z456: 2254.12 | AA456: https://geizhals.eu/msi-geforce-rtx-4080-super-16g-ventus-3x-oc-a3101924.html?hloc=at&hloc=de&hloc=eu&hloc=pl&hloc=uk | AB456: MSI GeForce RTX 4080 SUPER 16G Ventus 3X OC, 16GB GDDR6X, 2x HDMI, 2x DP | AC456: {=(SUMPRODUCT((H456:O456/H$9:O$9)^H$7:O$7*H$2:O$2)+SUMPRODUCT((Q456:T456/Q$9:T$9)^Q$7:T$7*Q$2:T$2))*(0.8^(1-G456))*AC$9} -> 2.9472797 | AD456: {=(SUMPRODUCT((H456:O456/H$9:O$9)^H$7:O$7*H$3:O$3)+SUMPRODUCT((Q456:T456/Q$9:T$9)^Q$7:T$7*Q$3:T$3))*(0.1^(1-G456))*AD$9} -> 3.941578 | AE456: {=(SUMPRODUCT((H456:O456/H$9:O$9)^H$7:O$7*H$4:O$4)+SUMPRODUCT((Q456:T456/Q$9:T$9)^Q$7:T$7*Q$4:T$4))*AE$9} -> 3.470782 | AF456: {=(SUMPRODUCT((H456:O456/H$9:O$9)^H$7:O$7*H$5:O$5)+SUMPRODUCT((Q456:T456/Q$9:T$9)^Q$7:T$7*Q$5:T$5))*AF$9} -> 3.2407316 | AG456: {=SUMPRODUCT(AC456:AF456 * AC$3:AF$3) / SUM(AC$3:AF$3)} -> 3.6067432
A457: Palit GeForce RTX 4080 SUPER GamingPro, 16GB GDDR6X, HDMI, 3x DP | B457: NED408S019T2-1032A | C457: NVIDIA | D457: =LEFT(AB457, FIND(" ", AB457 & " ") - 1) -> Palit | E457: RTX 4000 | F457: 4080 SUPER 16GB | G457: 1 | H457: 52.22 | I457: 52.22 | J457: 0.82 | K457: 1438 | L457: 2550 | M457: 246.9 | N457: 801.6 | O457: 76 | P457: GDDR6X | Q457: 16 | R457: 256 | S457: 23 | T457: 320 | U457: 1x 12VHPWR (via Adapter: 2x 8-Pin PCIe) | V457: 4 | W457: 16 | X457: 16 | Y457: 2320.13 | Z457: 2320.13 | AA457: https://geizhals.eu/palit-geforce-rtx-4080-super-gamingpro-ned408s019t2-1032a-a3103564.html?hloc=at&hloc=de&hloc=eu&hloc=pl&hloc=uk | AB457: Palit GeForce RTX 4080 SUPER GamingPro, 16GB GDDR6X, HDMI, 3x DP | AC457: {=(SUMPRODUCT((H457:O457/H$9:O$9)^H$7:O$7*H$2:O$2)+SUMPRODUCT((Q457:T457/Q$9:T$9)^Q$7:T$7*Q$2:T$2))*(0.8^(1-G457))*AC$9} -> 2.9368765 | AD457: {=(SUMPRODUCT((H457:O457/H$9:O$9)^H$7:O$7*H$3:O$3)+SUMPRODUCT((Q457:T457/Q$9:T$9)^Q$7:T$7*Q$3:T$3))*(0.1^(1-G457))*AD$9} -> 3.8939017 | AE457: {=(SUMPRODUCT((H457:O457/H$9:O$9)^H$7:O$7*H$4:O$4)+SUMPRODUCT((Q457:T457/Q$9:T$9)^Q$7:T$7*Q$4:T$4))*AE$9} -> 3.4392617 | AF457: {=(SUMPRODUCT((H457:O457/H$9:O$9)^H$7:O$7*H$5:O$5)+SUMPRODUCT((Q457:T457/Q$9:T$9)^Q$7:T$7*Q$5:T$5))*AF$9} -> 3.2150289 | AG457: {=SUMPRODUCT(AC457:AF457 * AC$3:AF$3) / SUM(AC$3:AF$3)} -> 3.5707365
A458: Palit GeForce RTX 4080 SUPER JetStream OC, 16GB GDDR6X, HDMI, 3x DP | B458: NED408SS19T2-1032J | C458: NVIDIA | D458: =LEFT(AB458, FIND(" ", AB458 & " ") - 1) -> Palit | E458: RTX 4000 | F458: 4080 SUPER 16GB | G458: 1 | H458: 52.84 | I458: 52.84 | J458: 0.83 | K458: 1438 | L458: 2580 | M458: 246.9 | N458: 801.6 | O458: 76 | P458: GDDR6X | Q458: 16 | R458: 256 | S458: 23 | T458: 320 | U458: 1x 12VHPWR (via Adapter: 2x 8-Pin PCIe) | V458: 4 | W458: 16 | X458: 16 | Y458: 2244.87 | Z458: 2244.87 | AA458: https://geizhals.eu/palit-geforce-rtx-4080-super-jetstream-oc-ned408ss19t2-1032j-a3103557.html?hloc=at&hloc=de&hloc=eu&hloc=pl&hloc=uk | AB458: Palit GeForce RTX 4080 SUPER JetStream OC, 16GB GDDR6X, HDMI, 3x DP | AC458: {=(SUMPRODUCT((H458:O458/H$9:O$9)^H$7:O$7*H$2:O$2)+SUMPRODUCT((Q458:T458/Q$9:T$9)^Q$7:T$7*Q$2:T$2))*(0.8^(1-G458))*AC$9} -> 2.943814 | AD458: {=(SUMPRODUCT((H458:O458/H$9:O$9)^H$7:O$7*H$3:O$3)+SUMPRODUCT((Q458:T458/Q$9:T$9)^Q$7:T$7*Q$3:T$3))*(0.1^(1-G458))*AD$9} -> 3.9265073 | AE458: {=(SUMPRODUCT((H458:O458/H$9:O$9)^H$7:O$7*H$4:O$4)+SUMPRODUCT((Q458:T458/Q$9:T$9)^Q$7:T$7*Q$4:T$4))*AE$9} -> 3.4659487 | AF458: {=(SUMPRODUCT((H458:O458/H$9:O$9)^H$7:O$7*H$5:O$5)+SUMPRODUCT((Q458:T458/Q$9:T$9)^Q$7:T$7*Q$5:T$5))*AF$9} -> 3.2321695 | AG458: {=SUMPRODUCT(AC458:AF458 * AC$3:AF$3) / SUM(AC$3:AF$3)} -> 3.5958289
A459: Zotac Gaming GeForce RTX 4080 SUPER AMP, 16GB GDDR6X, HDMI, 3x DP | B459: ZT-D40820F-10P | C459: NVIDIA | D459: =LEFT(AB459, FIND(" ", AB459 & " ") - 1) -> Zotac | E459: RTX 4000 | F459: 4080 SUPER 16GB | G459: 1 | H459: 53.45 | I459: 53.45 | J459: 0.84 | K459: 1438 | L459: 2610 | M459: 246.9 | N459: 801.6 | O459: 76 | P459: GDDR6X | Q459: 16 | R459: 256 | S459: 23 | T459: 320 | U459: 1x 12VHPWR (via Adapter: 3x 8-Pin PCIe) | V459: 4 | W459: 16 | X459: 16 | Y459: 2422.38 | Z459: 2488.48 | AA459: https://geizhals.eu/zotac-gaming-geforce-rtx-4080-super-amp-zt-d40820f-10p-a3147715.html?hloc=at&hloc=de&hloc=eu&hloc=pl&hloc=uk | AB459: Zotac Gaming GeForce RTX 4080 SUPER AMP, 16GB GDDR6X, HDMI, 3x DP | AC459: {=(SUMPRODUCT((H459:O459/H$9:O$9)^H$7:O$7*H$2:O$2)+SUMPRODUCT((Q459:T459/Q$9:T$9)^Q$7:T$7*Q$2:T$2))*(0.8^(1-G459))*AC$9} -> 2.9506914 | AD459: {=(SUMPRODUCT((H459:O459/H$9:O$9)^H$7:O$7*H$3:O$3)+SUMPRODUCT((Q459:T459/Q$9:T$9)^Q$7:T$7*Q$3:T$3))*(0.1^(1-G459))*AD$9} -> 3.9585882 | AE459: {=(SUMPRODUCT((H459:O459/H$9:O$9)^H$7:O$7*H$4:O$4)+SUMPRODUCT((Q459:T459/Q$9:T$9)^Q$7:T$7*Q$4:T$4))*AE$9} -> 3.4924277 | AF459: {=(SUMPRODUCT((H459:O459/H$9:O$9)^H$7:O$7*H$5:O$5)+SUMPRODUCT((Q459:T459/Q$9:T$9)^Q$7:T$7*Q$5:T$5))*AF$9} -> 3.2490363 | AG459: {=SUMPRODUCT(AC459:AF459 * AC$3:AF$3) / SUM(AC$3:AF$3)} -> 3.6205512
A460: ASUS ROG Strix GeForce RTX 4090 OC EVA-02 Edition, ROG-STRIX-RTX4090-O24G-EVA-02-EDITION, 24GB GDDR6X, 2x HDMI, 3x DP | B460: 90YV0ID5-M0NM00 | C460: NVIDIA | D460: =LEFT(AB460, FIND(" ", AB460 & " ") - 1) -> ASUS | E460: RTX 4000 | F460: 4090 24GB | G460: 1 | H460: 86.51 | I460: 86.51 | J460: 1.35 | K460: 1313 | L460: 2640 | M460: 401.2 | N460: 1040 | O460: 128 | P460: GDDR6X | Q460: 24 | R460: 384 | S460: 21 | T460: 450 | U460: 1x 12VHPWR (via Adapter: 4x 8-Pin PCIe) | V460: 4 | W460: 16 | X460: 16 | Y460: 6399 | Z460: 6399 | AA460: https://geizhals.eu/asus-rog-strix-geforce-rtx-4090-oc-evangelion-eva-02-edition-90yv0id5-m0nm00-a3010044.html?hloc=at&hloc=de&hloc=eu&hloc=pl&hloc=uk | AB460: ASUS ROG Strix GeForce RTX 4090 OC EVA-02 Edition, ROG-STRIX-RTX4090-O24G-EVA-02-EDITION, 24GB GDDR6X, 2x HDMI, 3x DP | AC460: {=(SUMPRODUCT((H460:O460/H$9:O$9)^H$7:O$7*H$2:O$2)+SUMPRODUCT((Q460:T460/Q$9:T$9)^Q$7:T$7*Q$2:T$2))*(0.8^(1-G460))*AC$9} -> 3.8451385 | AD460: {=(SUMPRODUCT((H460:O460/H$9:O$9)^H$7:O$7*H$3:O$3)+SUMPRODUCT((Q460:T460/Q$9:T$9)^Q$7:T$7*Q$3:T$3))*(0.1^(1-G460))*AD$9} -> 5.7677236 | AE460: {=(SUMPRODUCT((H460:O460/H$9:O$9)^H$7:O$7*H$4:O$4)+SUMPRODUCT((Q460:T460/Q$9:T$9)^Q$7:T$7*Q$4:T$4))*AE$9} -> 4.9990041 | AF460: {=(SUMPRODUCT((H460:O460/H$9:O$9)^H$7:O$7*H$5:O$5)+SUMPRODUCT((Q460:T460/Q$9:T$9)^Q$7:T$7*Q$5:T$5))*AF$9} -> 4.5545196 | AG460: {=SUMPRODUCT(AC460:AF460 * AC$3:AF$3) / SUM(AC$3:AF$3)} -> 5.1596788
A461: ASUS ROG Strix GeForce RTX 4090 OC, ROG-STRIX-RTX4090-O24G-GAMING, 24GB GDDR6X, 2x HDMI, 3x DP | B461: 90YV0ID0-M0NA00 | C461: NVIDIA | D461: =LEFT(AB461, FIND(" ", AB461 & " ") - 1) -> ASUS | E461: RTX 4000 | F461: 4090 24GB | G461: 1 | H461: 86.51 | I461: 86.51 | J461: 1.35 | K461: 1313 | L461: 2640 | M461: 401.2 | N461: 1040 | O461: 128 | P461: GDDR6X | Q461: 24 | R461: 384 | S461: 21 | T461: 450 | U461: 1x 12VHPWR (via Adapter: 4x 8-Pin PCIe) | V461: 4 | W461: 16 | X461: 16 | Y461: 3756.72 | Z461: 4995.13 | AA461: https://geizhals.eu/asus-rog-strix-geforce-rtx-4090-oc-90yv0id0-m0na00-a2820486.html?hloc=at&hloc=de&hloc=eu&hloc=pl&hloc=uk | AB461: ASUS ROG Strix GeForce RTX 4090 OC, ROG-STRIX-RTX4090-O24G-GAMING, 24GB GDDR6X, 2x HDMI, 3x DP | AC461: {=(SUMPRODUCT((H461:O461/H$9:O$9)^H$7:O$7*H$2:O$2)+SUMPRODUCT((Q461:T461/Q$9:T$9)^Q$7:T$7*Q$2:T$2))*(0.8^(1-G461))*AC$9} -> 3.8451385 | AD461: {=(SUMPRODUCT((H461:O461/H$9:O$9)^H$7:O$7*H$3:O$3)+SUMPRODUCT((Q461:T461/Q$9:T$9)^Q$7:T$7*Q$3:T$3))*(0.1^(1-G461))*AD$9} -> 5.7677236 | AE461: {=(SUMPRODUCT((H461:O461/H$9:O$9)^H$7:O$7*H$4:O$4)+SUMPRODUCT((Q461:T461/Q$9:T$9)^Q$7:T$7*Q$4:T$4))*AE$9} -> 4.9990041 | AF461: {=(SUMPRODUCT((H461:O461/H$9:O$9)^H$7:O$7*H$5:O$5)+SUMPRODUCT((Q461:T461/Q$9:T$9)^Q$7:T$7*Q$5:T$5))*AF$9} -> 4.5545196 | AG461: {=SUMPRODUCT(AC461:AF461 * AC$3:AF$3) / SUM(AC$3:AF$3)} -> 5.1596788
A462: ASUS ROG Strix GeForce RTX 4090 OC, ROG-STRIX-RTX4090-O24G-WHITE, 24GB GDDR6X, 2x HDMI, 3x DP | B462: 90YV0ID2-M0NA00 | C462: NVIDIA | D462: =LEFT(AB462, FIND(" ", AB462 & " ") - 1) -> ASUS | E462: RTX 4000 | F462: 4090 24GB | G462: 1 | H462: 86.51 | I462: 86.51 | J462: 1.35 | K462: 1313 | L462: 2640 | M462: 401.2 | N462: 1040 | O462: 128 | P462: GDDR6X | Q462: 24 | R462: 384 | S462: 21 | T462: 450 | U462: 1x 12VHPWR (via Adapter: 4x 8-Pin PCIe) | V462: 4 | W462: 16 | X462: 16 | Y462: 4263.29 | Z462: 5430.43 | AA462: https://geizhals.eu/asus-rog-strix-geforce-rtx-4090-oc-a2867011.html?hloc=at&hloc=de&hloc=eu&hloc=pl&hloc=uk | AB462: ASUS ROG Strix GeForce RTX 4090 OC, ROG-STRIX-RTX4090-O24G-WHITE, 24GB GDDR6X, 2x HDMI, 3x DP | AC462: {=(SUMPRODUCT((H462:O462/H$9:O$9)^H$7:O$7*H$2:O$2)+SUMPRODUCT((Q462:T462/Q$9:T$9)^Q$7:T$7*Q$2:T$2))*(0.8^(1-G462))*AC$9} -> 3.8451385 | AD462: {=(SUMPRODUCT((H462:O462/H$9:O$9)^H$7:O$7*H$3:O$3)+SUMPRODUCT((Q462:T462/Q$9:T$9)^Q$7:T$7*Q$3:T$3))*(0.1^(1-G462))*AD$9} -> 5.7677236 | AE462: {=(SUMPRODUCT((H462:O462/H$9:O$9)^H$7:O$7*H$4:O$4)+SUMPRODUCT((Q462:T462/Q$9:T$9)^Q$7:T$7*Q$4:T$4))*AE$9} -> 4.9990041 | AF462: {=(SUMPRODUCT((H462:O462/H$9:O$9)^H$7:O$7*H$5:O$5)+SUMPRODUCT((Q462:T462/Q$9:T$9)^Q$7:T$7*Q$5:T$5))*AF$9} -> 4.5545196 | AG462: {=SUMPRODUCT(AC462:AF462 * AC$3:AF$3) / SUM(AC$3:AF$3)} -> 5.1596788
A463: ASUS ROG Strix GeForce RTX 4090, ROG-STRIX-RTX4090-24G-GAMING, 24GB GDDR6X, 2x HDMI, 3x DP | B463: 90YV0ID1-M0NA00 | C463: NVIDIA | D463: =LEFT(AB463, FIND(" ", AB463 & " ") - 1) -> ASUS | E463: RTX 4000 | F463: 4090 24GB | G463: 1 | H463: 83.56 | I463: 83.56 | J463: 1.31 | K463: 1313 | L463: 2550 | M463: 401.2 | N463: 1040 | O463: 128 | P463: GDDR6X | Q463: 24 | R463: 384 | S463: 21 | T463: 450 | U463: 1x 12VHPWR (via Adapter: 4x 8-Pin PCIe) | V463: 4 | W463: 16 | X463: 16 | Y463: 3989.99 | Z463: 4999 | AA463: https://geizhals.eu/asus-rog-strix-geforce-rtx-4090-a2816393.html?hloc=at&hloc=de&hloc=eu&hloc=pl&hloc=uk | AB463: ASUS ROG Strix GeForce RTX 4090, ROG-STRIX-RTX4090-24G-GAMING, 24GB GDDR6X, 2x HDMI, 3x DP | AC463: {=(SUMPRODUCT((H463:O463/H$9:O$9)^H$7:O$7*H$2:O$2)+SUMPRODUCT((Q463:T463/Q$9:T$9)^Q$7:T$7*Q$2:T$2))*(0.8^(1-G463))*AC$9} -> 3.8193907 | AD463: {=(SUMPRODUCT((H463:O463/H$9:O$9)^H$7:O$7*H$3:O$3)+SUMPRODUCT((Q463:T463/Q$9:T$9)^Q$7:T$7*Q$3:T$3))*(0.1^(1-G463))*AD$9} -> 5.6249887 | AE463: {=(SUMPRODUCT((H463:O463/H$9:O$9)^H$7:O$7*H$4:O$4)+SUMPRODUCT((Q463:T463/Q$9:T$9)^Q$7:T$7*Q$4:T$4))*AE$9} -> 4.8932843 | AF463: {=(SUMPRODUCT((H463:O463/H$9:O$9)^H$7:O$7*H$5:O$5)+SUMPRODUCT((Q463:T463/Q$9:T$9)^Q$7:T$7*Q$5:T$5))*AF$9} -> 4.4793796 | AG463: {=SUMPRODUCT(AC463:AF463 * AC$3:AF$3) / SUM(AC$3:AF$3)} -> 5.0518203
A464: ASUS ROG Strix GeForce RTX 4090, ROG-STRIX-RTX4090-24G-WHITE, 24GB GDDR6X, 2x HDMI, 3x DP | B464: 90YV0ID3-M0NA00 | C464: NVIDIA | D464: =LEFT(AB464, FIND(" ", AB464 & " ") - 1) -> ASUS | E464: RTX 4000 | F464: 4090 24GB | G464: 1 | H464: 83.56 | I464: 83.56 | J464: 1.31 | K464: 1313 | L464: 2550 | M464: 401.2 | N464: 1040 | O464: 128 | P464: GDDR6X | Q464: 24 | R464: 384 | S464: 21 | T464: 450 | U464: 1x 12VHPWR (via Adapter: 4x 8-Pin PCIe) | V464: 4 | W464: 16 | X464: 16 | Y464: 4599.7 | Z464: 4599.7 | AA464: https://geizhals.eu/asus-rog-strix-geforce-rtx-4090-a2867012.html?hloc=at&hloc=de&hloc=eu&hloc=pl&hloc=uk | AB464: ASUS ROG Strix GeForce RTX 4090, ROG-STRIX-RTX4090-24G-WHITE, 24GB GDDR6X, 2x HDMI, 3x DP | AC464: {=(SUMPRODUCT((H464:O464/H$9:O$9)^H$7:O$7*H$2:O$2)+SUMPRODUCT((Q464:T464/Q$9:T$9)^Q$7:T$7*Q$2:T$2))*(0.8^(1-G464))*AC$9} -> 3.8193907 | AD464: {=(SUMPRODUCT((H464:O464/H$9:O$9)^H$7:O$7*H$3:O$3)+SUMPRODUCT((Q464:T464/Q$9:T$9)^Q$7:T$7*Q$3:T$3))*(0.1^(1-G464))*AD$9} -> 5.6249887 | AE464: {=(SUMPRODUCT((H464:O464/H$9:O$9)^H$7:O$7*H$4:O$4)+SUMPRODUCT((Q464:T464/Q$9:T$9)^Q$7:T$7*Q$4:T$4))*AE$9} -> 4.8932843 | AF464: {=(SUMPRODUCT((H464:O464/H$9:O$9)^H$7:O$7*H$5:O$5)+SUMPRODUCT((Q464:T464/Q$9:T$9)^Q$7:T$7*Q$5:T$5))*AF$9} -> 4.4793796 | AG464: {=SUMPRODUCT(AC464:AF464 * AC$3:AF$3) / SUM(AC$3:AF$3)} -> 5.0518203
A465: ASUS ROG Strix LC GeForce RTX 4090 OC, ROG-STRIX-LC-RTX4090-O24G-GAMING, 24GB GDDR6X, 2x HDMI, 3x DP | B465: 90YV0IY0-M0NA00 | C465: NVIDIA | D465: =LEFT(AB465, FIND(" ", AB465 & " ") - 1) -> ASUS | E465: RTX 4000 | F465: 4090 24GB | G465: 1 | H465: 86.51 | I465: 86.51 | J465: 1.35 | K465: 1313 | L465: 2640 | M465: 401.2 | N465: 1040 | O465: 128 | P465: GDDR6X | Q465: 24 | R465: 384 | S465: 21 | T465: 450 | U465: 1x 12VHPWR (via Adapter: 4x 8-Pin PCIe) | V465: 4 | W465: 16 | X465: 16 | Y465: 4800.19 | Z465: 4800.19 | AA465: https://geizhals.eu/asus-rog-strix-lc-geforce-rtx-4090-oc-a2948303.html?hloc=at&hloc=de&hloc=eu&hloc=pl&hloc=uk | AB465: ASUS ROG Strix LC GeForce RTX 4090 OC, ROG-STRIX-LC-RTX4090-O24G-GAMING, 24GB GDDR6X, 2x HDMI, 3x DP | AC465: {=(SUMPRODUCT((H465:O465/H$9:O$9)^H$7:O$7*H$2:O$2)+SUMPRODUCT((Q465:T465/Q$9:T$9)^Q$7:T$7*Q$2:T$2))*(0.8^(1-G465))*AC$9} -> 3.8451385 | AD465: {=(SUMPRODUCT((H465:O465/H$9:O$9)^H$7:O$7*H$3:O$3)+SUMPRODUCT((Q465:T465/Q$9:T$9)^Q$7:T$7*Q$3:T$3))*(0.1^(1-G465))*AD$9} -> 5.7677236 | AE465: {=(SUMPRODUCT((H465:O465/H$9:O$9)^H$7:O$7*H$4:O$4)+SUMPRODUCT((Q465:T465/Q$9:T$9)^Q$7:T$7*Q$4:T$4))*AE$9} -> 4.9990041 | AF465: {=(SUMPRODUCT((H465:O465/H$9:O$9)^H$7:O$7*H$5:O$5)+SUMPRODUCT((Q465:T465/Q$9:T$9)^Q$7:T$7*Q$5:T$5))*AF$9} -> 4.5545196 | AG465: {=SUMPRODUCT(AC465:AF465 * AC$3:AF$3) / SUM(AC$3:AF$3)} -> 5.1596788
... A471: GIGABYTE GeForce RTX 4090 Windforce V2 24G, 24GB GDDR6X, HDMI, 3x DP | B471: GV-N4090WF3V2-24GD | C471: NVIDIA | D471: =LEFT(AB471, FIND(" ", AB471 & " ") - 1) -> GIGABYTE | E471: RTX 4000 | F471: 4090 24GB | G471: 1 | H471: 82.58 | I471: 82.58 | J471: 1.29 | K471: 1313 | L471: 2520 | M471: 401.2 | N471: 1040 | O471: 128 | P471: GDDR6X | Q471: 24 | R471: 384 | S471: 21 | T471: 450 | U471: 1x 12VHPWR (via Adapter: 4x 8-Pin PCIe) | V471: 4 | W471: 16 | X471: 16 | Y471: 3713.59 | Z471: 3713.59 | AA471: https://geizhals.eu/gigabyte-geforce-rtx-4090-windforce-v2-24g-gv-n4090wf3v2-24gd-a3012814.html?hloc=at&hloc=de&hloc=eu&hloc=pl&hloc=uk | AB471: GIGABYTE GeForce RTX 4090 Windforce V2 24G, 24GB GDDR6X, HDMI, 3x DP | AC471: {=(SUMPRODUCT((H471:O471/H$9:O$9)^H$7:O$7*H$2:O$2)+SUMPRODUCT((Q471:T471/Q$9:T$9)^Q$7:T$7*Q$2:T$2))*(0.8^(1-G471))*AC$9} -> 3.8108046 | AD471: {=(SUMPRODUCT((H471:O471/H$9:O$9)^H$7:O$7*H$3:O$3)+SUMPRODUCT((Q471:T471/Q$9:T$9)^Q$7:T$7*Q$3:T$3))*(0.1^(1-G471))*AD$9} -> 5.575934 | AE471: {=(SUMPRODUCT((H471:O471/H$9:O$9)^H$7:O$7*H$4:O$4)+SUMPRODUCT((Q471:T471/Q$9:T$9)^Q$7:T$7*Q$4:T$4))*AE$9} -> 4.8476104 | AF471: {=(SUMPRODUCT((H471:O471/H$9:O$9)^H$7:O$7*H$5:O$5)+SUMPRODUCT((Q471:T471/Q$9:T$9)^Q$7:T$7*Q$5:T$5))*AF$9} -> 4.4543497 | AG471: {=SUMPRODUCT(AC471:AF471 * AC$3:AF$3) / SUM(AC$3:AF$3)} -> 5.0138902
A472: MSI GeForce RTX 4090 Gaming Trio 24G, 24GB GDDR6X, HDMI, 3x DP | C472: NVIDIA | D472: =LEFT(AB472, FIND(" ", AB472 & " ") - 1) -> MSI | E472: RTX 4000 | F472: 4090 24GB | G472: 1 | H472: 83.07 | I472: 83.07 | J472: 1.3 | K472: 1313 | L472: 2535 | M472: 401.2 | N472: 1040 | O472: 128 | P472: GDDR6X | Q472: 24 | R472: 384 | S472: 21 | T472: 450 | U472: 1x 12VHPWR (via Adapter: 3x 8-Pin PCIe) | V472: 4 | W472: 16 | X472: 16 | Y472: 3989.99 | Z472: 4835.05 | AA472: https://geizhals.eu/msi-geforce-rtx-4090-gaming-trio-24g-a2816382.html?hloc=at&hloc=de&hloc=eu&hloc=pl&hloc=uk | AB472: MSI GeForce RTX 4090 Gaming Trio 24G, 24GB GDDR6X, HDMI, 3x DP | AC472: {=(SUMPRODUCT((H472:O472/H$9:O$9)^H$7:O$7*H$2:O$2)+SUMPRODUCT((Q472:T472/Q$9:T$9)^Q$7:T$7*Q$2:T$2))*(0.8^(1-G472))*AC$9} -> 3.8150989 | AD472: {=(SUMPRODUCT((H472:O472/H$9:O$9)^H$7:O$7*H$3:O$3)+SUMPRODUCT((Q472:T472/Q$9:T$9)^Q$7:T$7*Q$3:T$3))*(0.1^(1-G472))*AD$9} -> 5.6004714 | AE472: {=(SUMPRODUCT((H472:O472/H$9:O$9)^H$7:O$7*H$4:O$4)+SUMPRODUCT((Q472:T472/Q$9:T$9)^Q$7:T$7*Q$4:T$4))*AE$9} -> 4.8704614 | AF472: {=(SUMPRODUCT((H472:O472/H$9:O$9)^H$7:O$7*H$5:O$5)+SUMPRODUCT((Q472:T472/Q$9:T$9)^Q$7:T$7*Q$5:T$5))*AF$9} -> 4.4668686 | AG472: {=SUMPRODUCT(AC472:AF472 * AC$3:AF$3) / SUM(AC$3:AF$3)} -> 5.0328633
A473: MSI GeForce RTX 4090 Gaming X Slim 24G, 24GB GDDR6X, 2x HDMI, 2x DP | B473: V510-263R | C473: NVIDIA | D473: =LEFT(AB473, FIND(" ", AB473 & " ") - 1) -> MSI | E473: RTX 4000 | F473: 4090 24GB | G473: 1 | H473: 85.52 | I473: 85.52 | J473: 1.34 | K473: 1313 | L473: 2610 | M473: 401.2 | N473: 1040 | O473: 128 | P473: GDDR6X | Q473: 24 | R473: 384 | S473: 21 | T473: 450 | U473: 1x 12VHPWR (via Adapter: 3x 8-Pin PCIe) | V473: 4 | W473: 16 | X473: 16 | Y473: 3489.99 | Z473: 3998.92 | AA473: https://geizhals.eu/msi-geforce-rtx-4090-gaming-x-slim-24g-v510-263r-a3042319.html?hloc=at&hloc=de&hloc=eu&hloc=pl&hloc=uk | AB473: MSI GeForce RTX 4090 Gaming X Slim 24G, 24GB GDDR6X, 2x HDMI, 2x DP | AC473: {=(SUMPRODUCT((H473:O473/H$9:O$9)^H$7:O$7*H$2:O$2)+SUMPRODUCT((Q473:T473/Q$9:T$9)^Q$7:T$7*Q$2:T$2))*(0.8^(1-G473))*AC$9} -> 3.8365328 | AD473: {=(SUMPRODUCT((H473:O473/H$9:O$9)^H$7:O$7*H$3:O$3)+SUMPRODUCT((Q473:T473/Q$9:T$9)^Q$7:T$7*Q$3:T$3))*(0.1^(1-G473))*AD$9} -> 5.7206548 | AE473: {=(SUMPRODUCT((H473:O473/H$9:O$9)^H$7:O$7*H$4:O$4)+SUMPRODUCT((Q473:T473/Q$9:T$9)^Q$7:T$7*Q$4:T$4))*AE$9} -> 4.9688708 | AF473: {=(SUMPRODUCT((H473:O473/H$9:O$9)^H$7:O$7*H$5:O$5)+SUMPRODUCT((Q473:T473/Q$9:T$9)^Q$7:T$7*Q$5:T$5))*AF$9} -> 4.5293445 | AG473: {=SUMPRODUCT(AC473:AF473 * AC$3:AF$3) / SUM(AC$3:AF$3)} -> 5.1245512
A474: MSI GeForce RTX 4090 Gaming X Trio 24G, 24GB GDDR6X, HDMI, 3x DP | B474: V510-006R | C474: NVIDIA | D474: =LEFT(AB474, FIND(" ", AB474 & " ") - 1) -> MSI | E474: RTX 4000 | F474: 4090 24GB | G474: 1 | H474: 85.52 | I474: 85.52 | J474: 1.34 | K474: 1313 | L474: 2610 | M474: 401.2 | N474: 1040 | O474: 128 | P474: GDDR6X | Q474: 24 | R474: 384 | S474: 21 | T474: 480 | U474: 1x 12VHPWR (via Adapter: 3x 8-Pin PCIe) | V474: 4 | W474: 16 | X474: 16 | Y474: 3789 | Z474: 4241.28 | AA474: https://geizhals.eu/msi-geforce-rtx-4090-gaming-x-trio-24g-a2816380.html?hloc=at&hloc=de&hloc=eu&hloc=pl&hloc=uk | AB474: MSI GeForce RTX 4090 Gaming X Trio 24G, 24GB GDDR6X, HDMI, 3x DP | AC474: {=(SUMPRODUCT((H474:O474/H$9:O$9)^H$7:O$7*H$2:O$2)+SUMPRODUCT((Q474:T474/Q$9:T$9)^Q$7:T$7*Q$2:T$2))*(0.8^(1-G474))*AC$9} -> 3.8359066 | AD474: {=(SUMPRODUCT((H474:O474/H$9:O$9)^H$7:O$7*H$3:O$3)+SUMPRODUCT((Q474:T474/Q$9:T$9)^Q$7:T$7*Q$3:T$3))*(0.1^(1-G474))*AD$9} -> 5.7200286 | AE474: {=(SUMPRODUCT((H474:O474/H$9:O$9)^H$7:O$7*H$4:O$4)+SUMPRODUCT((Q474:T474/Q$9:T$9)^Q$7:T$7*Q$4:T$4))*AE$9} -> 4.9688708 | AF474: {=(SUMPRODUCT((H474:O474/H$9:O$9)^H$7:O$7*H$5:O$5)+SUMPRODUCT((Q474:T474/Q$9:T$9)^Q$7:T$7*Q$5:T$5))*AF$9} -> 4.5287183 | AG474: {=SUMPRODUCT(AC474:AF474 * AC$3:AF$3) / SUM(AC$3:AF$3)} -> 5.1239946
A475: MSI GeForce RTX 4090 Suprim Liquid X 24G, 24GB GDDR6X, HDMI, 3x DP | B475: V510-007R | C475: NVIDIA | D475: =LEFT(AB475, FIND(" ", AB475 & " ") - 1) -> MSI | E475: RTX 4000 | F475: 4090 24GB | G475: 1 | H475: 86.51 | I475: 86.51 | J475: 1.35 | K475: 1313 | L475: 2640 | M475: 401.2 | N475: 1040 | O475: 128 | P475: GDDR6X | Q475: 24 | R475: 384 | S475: 21 | T475: 480 | U475: 1x 12VHPWR (via Adapter: 4x 8-Pin PCIe) | V475: 4 | W475: 16 | X475: 16 | Y475: 3489.99 | Z475: 4123.13 | AA475: https://geizhals.eu/msi-geforce-rtx-4090-suprim-liquid-x-24g-a2815807.html?hloc=at&hloc=de&hloc=eu&hloc=pl&hloc=uk | AB475: MSI GeForce RTX 4090 Suprim Liquid X 24G, 24GB GDDR6X, HDMI, 3x DP | AC475: {=(SUMPRODUCT((H475:O475/H$9:O$9)^H$7:O$7*H$2:O$2)+SUMPRODUCT((Q475:T475/Q$9:T$9)^Q$7:T$7*Q$2:T$2))*(0.8^(1-G475))*AC$9} -> 3.8445123 | AD475: {=(SUMPRODUCT((H475:O475/H$9:O$9)^H$7:O$7*H$3:O$3)+SUMPRODUCT((Q475:T475/Q$9:T$9)^Q$7:T$7*Q$3:T$3))*(0.1^(1-G475))*AD$9} -> 5.7670974 | AE475: {=(SUMPRODUCT((H475:O475/H$9:O$9)^H$7:O$7*H$4:O$4)+SUMPRODUCT((Q475:T475/Q$9:T$9)^Q$7:T$7*Q$4:T$4))*AE$9} -> 4.9990041 | AF475: {=(SUMPRODUCT((H475:O475/H$9:O$9)^H$7:O$7*H$5:O$5)+SUMPRODUCT((Q475:T475/Q$9:T$9)^Q$7:T$7*Q$5:T$5))*AF$9} -> 4.5538934 | AG475: {=SUMPRODUCT(AC475:AF475 * AC$3:AF$3) / SUM(AC$3:AF$3)} -> 5.1591222
A476: MSI GeForce RTX 4090 Suprim X 24G, 24GB GDDR6X, HDMI, 3x DP | B476: V510-001R | C476: NVIDIA | D476: =LEFT(AB476, FIND(" ", AB476 & " ") - 1) -> MSI | E476: RTX 4000 | F476: 4090 24GB | G476: 1 | H476: 86.51 | I476: 86.51 | J476: 1.35 | K476: 1313 | L476: 2640 | M476: 401.2 | N476: 1040 | O476: 128 | P476: GDDR6X | Q476: 24 | R476: 384 | S476: 21 | T476: 450 | U476: 1x 12VHPWR (via Adapter: 4x 8-Pin PCIe) | V476: 4 | W476: 16 | X476: 16 | Y476: 3789 | Z476: 6058.98 | AA476: https://geizhals.eu/msi-geforce-rtx-4090-suprim-x-24g-a2820514.html?hloc=at&hloc=de&hloc=eu&hloc=pl&hloc=uk | AB476: MSI GeForce RTX 4090 Suprim X 24G, 24GB GDDR6X, HDMI, 3x DP | AC476: {=(SUMPRODUCT((H476:O476/H$9:O$9)^H$7:O$7*H$2:O$2)+SUMPRODUCT((Q476:T476/Q$9:T$9)^Q$7:T$7*Q$2:T$2))*(0.8^(1-G476))*AC$9} -> 3.8451385 | AD476: {=(SUMPRODUCT((H476:O476/H$9:O$9)^H$7:O$7*H$3:O$3)+SUMPRODUCT((Q476:T476/Q$9:T$9)^Q$7:T$7*Q$3:T$3))*(0.1^(1-G476))*AD$9} -> 5.7677236 | AE476: {=(SUMPRODUCT((H476:O476/H$9:O$9)^H$7:O$7*H$4:O$4)+SUMPRODUCT((Q476:T476/Q$9:T$9)^Q$7:T$7*Q$4:T$4))*AE$9} -> 4.9990041 | AF476: {=(SUMPRODUCT((H476:O476/H$9:O$9)^H$7:O$7*H$5:O$5)+SUMPRODUCT((Q476:T476/Q$9:T$9)^Q$7:T$7*Q$5:T$5))*AF$9} -> 4.5545196 | AG476: {=SUMPRODUCT(AC476:AF476 * AC$3:AF$3) / SUM(AC$3:AF$3)} -> 5.1596788
A477: MSI GeForce RTX 4090 Ventus 3X 24G OC, 24GB GDDR6X, HDMI, 3x DP | B477: V510-023R | C477: NVIDIA | D477: =LEFT(AB477, FIND(" ", AB477 & " ") - 1) -> MSI | E477: RTX 4000 | F477: 4090 24GB | G477: 1 | H477: 84.05 | I477: 84.05 | J477: 1.31 | K477: 1313 | L477: 2565 | M477: 401.2 | N477: 1040 | O477: 128 | P477: GDDR6X | Q477: 24 | R477: 384 | S477: 21 | T477: 450 | U477: 1x 12VHPWR (via Adapter: 3x 8-Pin PCIe) | V477: 4 | W477: 16 | X477: 16 | Y477: 3789 | Z477: 3789 | AA477: https://geizhals.eu/msi-geforce-rtx-4090-ventus-3x-24g-oc-v510-023r-a2846034.html?hloc=at&hloc=de&hloc=eu&hloc=pl&hloc=uk | AB477: MSI GeForce RTX 4090 Ventus 3X 24G OC, 24GB GDDR6X, HDMI, 3x DP | AC477: {=(SUMPRODUCT((H477:O477/H$9:O$9)^H$7:O$7*H$2:O$2)+SUMPRODUCT((Q477:T477/Q$9:T$9)^Q$7:T$7*Q$2:T$2))*(0.8^(1-G477))*AC$9} -> 3.82368 | AD477: {=(SUMPRODUCT((H477:O477/H$9:O$9)^H$7:O$7*H$3:O$3)+SUMPRODUCT((Q477:T477/Q$9:T$9)^Q$7:T$7*Q$3:T$3))*(0.1^(1-G477))*AD$9} -> 5.647272 | AE477: {=(SUMPRODUCT((H477:O477/H$9:O$9)^H$7:O$7*H$4:O$4)+SUMPRODUCT((Q477:T477/Q$9:T$9)^Q$7:T$7*Q$4:T$4))*AE$9} -> 4.9005818 | AF477: {=(SUMPRODUCT((H477:O477/H$9:O$9)^H$7:O$7*H$5:O$5)+SUMPRODUCT((Q477:T477/Q$9:T$9)^Q$7:T$7*Q$5:T$5))*AF$9} -> 4.4918826 | AG477: {=SUMPRODUCT(AC477:AF477 * AC$3:AF$3) / SUM(AC$3:AF$3)} -> 5.0678095
A478: MSI GeForce RTX 4090 Ventus 3X E 24G OC, 24GB GDDR6X, 2x HDMI, 2x DP | B478: V510-271R | C478: NVIDIA | D478: =LEFT(AB478, FIND(" ", AB478 & " ") - 1) -> MSI | E478: RTX 4000 | F478: 4090 24GB | G478: 1 | H478: 84.05 | I478: 84.05 | J478: 1.31 | K478: 1313 | L478: 2565 | M478: 401.2 | N478: 1040 | O478: 128 | P478: GDDR6X | Q478: 24 | R478: 384 | S478: 21 | T478: 450 | U478: 1x 12VHPWR (via Adapter: 3x 8-Pin PCIe) | V478: 4 | W478: 16 | X478: 16 | Y478: 3789.99 | Z478: 3789.99 | AA478: https://geizhals.eu/msi-geforce-rtx-4090-ventus-3x-e-24g-oc-v510-271r-a3042387.html?hloc=at&hloc=de&hloc=eu&hloc=pl&hloc=uk | AB478: MSI GeForce RTX 4090 Ventus 3X E 24G OC, 24GB GDDR6X, 2x HDMI, 2x DP | AC478: {=(SUMPRODUCT((H478:O478/H$9:O$9)^H$7:O$7*H$2:O$2)+SUMPRODUCT((Q478:T478/Q$9:T$9)^Q$7:T$7*Q$2:T$2))*(0.8^(1-G478))*AC$9} -> 3.82368 | AD478: {=(SUMPRODUCT((H478:O478/H$9:O$9)^H$7:O$7*H$3:O$3)+SUMPRODUCT((Q478:T478/Q$9:T$9)^Q$7:T$7*Q$3:T$3))*(0.1^(1-G478))*AD$9} -> 5.647272 | AE478: {=(SUMPRODUCT((H478:O478/H$9:O$9)^H$7:O$7*H$4:O$4)+SUMPRODUCT((Q478:T478/Q$9:T$9)^Q$7:T$7*Q$4:T$4))*AE$9} -> 4.9005818 | AF478: {=(SUMPRODUCT((H478:O478/H$9:O$9)^H$7:O$7*H$5:O$5)+SUMPRODUCT((Q478:T478/Q$9:T$9)^Q$7:T$7*Q$5:T$5))*AF$9} -> 4.4918826 | AG478: {=SUMPRODUCT(AC478:AF478 * AC$3:AF$3) / SUM(AC$3:AF$3)} -> 5.0678095
A479: Zotac Gaming GeForce RTX 4090 Trinity OC, 24GB GDDR6X, HDMI, 3x DP | B479: ZT-D40900J-10P | C479: NVIDIA | D479: =LEFT(AB479, FIND(" ", AB479 & " ") - 1) -> Zotac | E479: RTX 4000 | F479: 4090 24GB | G479: 1 | H479: 83.07 | I479: 83.07 | J479: 1.3 | K479: 1313 | L479: 2535 | M479: 401.2 | N479: 1040 | O479: 128 | P479: GDDR6X | Q479: 24 | R479: 384 | S479: 21 | T479: 450 | U479: 1x 12VHPWR (via Adapter: 4x 8-Pin PCIe) | V479: 4 | W479: 16 | X479: 16 | Y479: 4241.28 | Z479: 4241.28 | AA479: https://geizhals.eu/zotac-gaming-geforce-rtx-4090-trinity-oc-zt-d40900j-10p-a2815754.html?hloc=at&hloc=de&hloc=eu&hloc=pl&hloc=uk | AB479: Zotac Gaming GeForce RTX 4090 Trinity OC, 24GB GDDR6X, HDMI, 3x DP | AC479: {=(SUMPRODUCT((H479:O479/H$9:O$9)^H$7:O$7*H$2:O$2)+SUMPRODUCT((Q479:T479/Q$9:T$9)^Q$7:T$7*Q$2:T$2))*(0.8^(1-G479))*AC$9} -> 3.8150989 | AD479: {=(SUMPRODUCT((H479:O479/H$9:O$9)^H$7:O$7*H$3:O$3)+SUMPRODUCT((Q479:T479/Q$9:T$9)^Q$7:T$7*Q$3:T$3))*(0.1^(1-G479))*AD$9} -> 5.6004714 | AE479: {=(SUMPRODUCT((H479:O479/H$9:O$9)^H$7:O$7*H$4:O$4)+SUMPRODUCT((Q479:T479/Q$9:T$9)^Q$7:T$7*Q$4:T$4))*AE$9} -> 4.8704614 | AF479: {=(SUMPRODUCT((H479:O479/H$9:O$9)^H$7:O$7*H$5:O$5)+SUMPRODUCT((Q479:T479/Q$9:T$9)^Q$7:T$7*Q$5:T$5))*AF$9} -> 4.4668686 | AG479: {=SUMPRODUCT(AC479:AF479 * AC$3:AF$3) / SUM(AC$3:AF$3)} -> 5.0328633
A480: Zotac Gaming GeForce RTX 4090 Trinity, 24GB GDDR6X, HDMI, 3x DP | B480: ZT-D40900D-10P | C480: NVIDIA | D480: =LEFT(AB480, FIND(" ", AB480 & " ") - 1) -> Zotac | E480: RTX 4000 | F480: 4090 24GB | G480: 1 | H480: 82.58 | I480: 82.58 | J480: 1.29 | K480: 1313 | L480: 2520 | M480: 401.2 | N480: 1040 | O480: 128 | P480: GDDR6X | Q480: 24 | R480: 384 | S480: 21 | T480: 450 | U480: 1x 12VHPWR (via Adapter: 3x 8-Pin PCIe) | V480: 4 | W480: 16 | X480: 16 | Y480: 3998.92 | Z480: 3998.92 | AA480: https://geizhals.eu/zotac-gaming-geforce-rtx-4090-trinity-zt-d40900d-10p-a2815794.html?hloc=at&hloc=de&hloc=eu&hloc=pl&hloc=uk | AB480: Zotac Gaming GeForce RTX 4090 Trinity, 24GB GDDR6X, HDMI, 3x DP | AC480: {=(SUMPRODUCT((H480:O480/H$9:O$9)^H$7:O$7*H$2:O$2)+SUMPRODUCT((Q480:T480/Q$9:T$9)^Q$7:T$7*Q$2:T$2))*(0.8^(1-G480))*AC$9} -> 3.8108046 | AD480: {=(SUMPRODUCT((H480:O480/H$9:O$9)^H$7:O$7*H$3:O$3)+SUMPRODUCT((Q480:T480/Q$9:T$9)^Q$7:T$7*Q$3:T$3))*(0.1^(1-G480))*AD$9} -> 5.575934 | AE480: {=(SUMPRODUCT((H480:O480/H$9:O$9)^H$7:O$7*H$4:O$4)+SUMPRODUCT((Q480:T480/Q$9:T$9)^Q$7:T$7*Q$4:T$4))*AE$9} -> 4.8476104 | AF480: {=(SUMPRODUCT((H480:O480/H$9:O$9)^H$7:O$7*H$5:O$5)+SUMPRODUCT((Q480:T480/Q$9:T$9)^Q$7:T$7*Q$5:T$5))*AF$9} -> 4.4543497 | AG480: {=SUMPRODUCT(AC480:AF480 * AC$3:AF$3) / SUM(AC$3:AF$3)} -> 5.0138902
A481: ASUS Prime GeForce RTX 5070 Ti OC, PRIME-RTX5070TI-O16G, 16GB GDDR7, HDMI, 3x DP | B481: 90YV0MF0-M0NA00 | C481: NVIDIA | D481: =LEFT(AB481, FIND(" ", AB481 & " ") - 1) -> ASUS | E481: RTX 5000 | F481: 5070 Ti 16GB | G481: 1 | H481: 45.28 | I481: 45.28 | J481: 0.71 | K481: 1750 | L481: 2527 | M481: 343 | N481: 686 | O481: 280 | P481: GDDR7 | Q481: 16 | R481: 256 | S481: 28 | T481: 300 | U481: 1x 12V-2x6 (via Adapter: 3x 8-Pin PCIe) | V481: 5 | W481: 16 | X481: 16 | Y481: 1159.99 | Z481: 2060.12 | AA481: https://geizhals.eu/asus-prime-geforce-rtx-5070-ti-oc-a3382468.html?hloc=at&hloc=de&hloc=eu&hloc=pl&hloc=uk | AB481: ASUS Prime GeForce RTX 5070 Ti OC, PRIME-RTX5070TI-O16G, 16GB GDDR7, HDMI, 3x DP | AC481: {=(SUMPRODUCT((H481:O481/H$9:O$9)^H$7:O$7*H$2:O$2)+SUMPRODUCT((Q481:T481/Q$9:T$9)^Q$7:T$7*Q$2:T$2))*(0.8^(1-G481))*AC$9} -> 3.5669119 | AD481: {=(SUMPRODUCT((H481:O481/H$9:O$9)^H$7:O$7*H$3:O$3)+SUMPRODUCT((Q481:T481/Q$9:T$9)^Q$7:T$7*Q$3:T$3))*(0.1^(1-G481))*AD$9} -> 3.5550641 | AE481: {=(SUMPRODUCT((H481:O481/H$9:O$9)^H$7:O$7*H$4:O$4)+SUMPRODUCT((Q481:T481/Q$9:T$9)^Q$7:T$7*Q$4:T$4))*AE$9} -> 3.1735753 | AF481: {=(SUMPRODUCT((H481:O481/H$9:O$9)^H$7:O$7*H$5:O$5)+SUMPRODUCT((Q481:T481/Q$9:T$9)^Q$7:T$7*Q$5:T$5))*AF$9} -> 3.6563869 | AG481: {=SUMPRODUCT(AC481:AF481 * AC$3:AF$3) / SUM(AC$3:AF$3)} -> 3.5315382
A482: ASUS Prime GeForce RTX 5070 Ti, PRIME-RTX5070TI-16G, 16GB GDDR7, HDMI, 3x DP | B482: 90YV0MF1-M0NA00 | C482: NVIDIA | D482: =LEFT(AB482, FIND(" ", AB482 & " ") - 1) -> ASUS | E482: RTX 5000 | F482: 5070 Ti 16GB | G482: 1 | H482: 44.48 | I482: 44.48 | J482: 0.69 | K482: 1750 | L482: 2482 | M482: 343 | N482: 686 | O482: 280 | P482: GDDR7 | Q482: 16 | R482: 256 | S482: 28 | T482: 300 | U482: 1x 12V-2x6 (via Adapter: 3x 8-Pin PCIe) | V482: 5 | W482: 16 | X482: 16 | Y482: 1179 | Z482: 2423.68 | AA482: https://geizhals.eu/asus-prime-geforce-rtx-5070-ti-a3382469.html?hloc=at&hloc=de&hloc=eu&hloc=pl&hloc=uk | AB482: ASUS Prime GeForce RTX 5070 Ti, PRIME-RTX5070TI-16G, 16GB GDDR7, HDMI, 3x DP | AC482: {=(SUMPRODUCT((H482:O482/H$9:O$9)^H$7:O$7*H$2:O$2)+SUMPRODUCT((Q482:T482/Q$9:T$9)^Q$7:T$7*Q$2:T$2))*(0.8^(1-G482))*AC$9} -> 3.5571026 | AD482: {=(SUMPRODUCT((H482:O482/H$9:O$9)^H$7:O$7*H$3:O$3)+SUMPRODUCT((Q482:T482/Q$9:T$9)^Q$7:T$7*Q$3:T$3))*(0.1^(1-G482))*AD$9} -> 3.5101732 | AE482: {=(SUMPRODUCT((H482:O482/H$9:O$9)^H$7:O$7*H$4:O$4)+SUMPRODUCT((Q482:T482/Q$9:T$9)^Q$7:T$7*Q$4:T$4))*AE$9} -> 3.1257325 | AF482: {=(SUMPRODUCT((H482:O482/H$9:O$9)^H$7:O$7*H$5:O$5)+SUMPRODUCT((Q482:T482/Q$9:T$9)^Q$7:T$7*Q$5:T$5))*AF$9} -> 3.6336044 | AG482: {=SUMPRODUCT(AC482:AF482 * AC$3:AF$3) / SUM(AC$3:AF$3)} -> 3.495851
A483: ASUS TUF Gaming GeForce RTX 5070 Ti OC, TUF-RTX5070TI-O16G-GAMING, 16GB GDDR7, 2x HDMI, 3x DP | B483: 90YV0MD0-M0NA00 | C483: NVIDIA | D483: =LEFT(AB483, FIND(" ", AB483 & " ") - 1) -> ASUS | E483: RTX 5000 | F483: 5070 Ti 16GB | G483: 1 | H483: 46.77 | I483: 46.77 | J483: 0.73 | K483: 1750 | L483: 2610 | M483: 343 | N483: 686 | O483: 280 | P483: GDDR7 | Q483: 16 | R483: 256 | S483: 28 | T483: 300 | U483: 1x 12V-2x6 (via Adapter: 3x 8-Pin PCIe) | V483: 5 | W483: 16 | X483: 16 | Y483: 1299.99 | Z483: 2403.34 | AA483: https://geizhals.eu/asus-tuf-geforce-rtx-5070-ti-oc-a3382466.html?hloc=at&hloc=de&hloc=eu&hloc=pl&hloc=uk | AB483: ASUS TUF Gaming GeForce RTX 5070 Ti OC, TUF-RTX5070TI-O16G-GAMING, 16GB GDDR7, 2x HDMI, 3x DP | AC483: {=(SUMPRODUCT((H483:O483/H$9:O$9)^H$7:O$7*H$2:O$2)+SUMPRODUCT((Q483:T483/Q$9:T$9)^Q$7:T$7*Q$2:T$2))*(0.8^(1-G483))*AC$9} -> 3.5850353 | AD483: {=(SUMPRODUCT((H483:O483/H$9:O$9)^H$7:O$7*H$3:O$3)+SUMPRODUCT((Q483:T483/Q$9:T$9)^Q$7:T$7*Q$3:T$3))*(0.1^(1-G483))*AD$9} -> 3.6340552 | AE483: {=(SUMPRODUCT((H483:O483/H$9:O$9)^H$7:O$7*H$4:O$4)+SUMPRODUCT((Q483:T483/Q$9:T$9)^Q$7:T$7*Q$4:T$4))*AE$9} -> 3.2320994 | AF483: {=(SUMPRODUCT((H483:O483/H$9:O$9)^H$7:O$7*H$5:O$5)+SUMPRODUCT((Q483:T483/Q$9:T$9)^Q$7:T$7*Q$5:T$5))*AF$9} -> 3.698664 | AG483: {=SUMPRODUCT(AC483:AF483 * AC$3:AF$3) / SUM(AC$3:AF$3)} -> 3.5919916
A484: GIGABYTE GeForce RTX 5070 Ti Gaming OC 16G, 16GB GDDR7, HDMI, 3x DP | B484: GV-N507TGAMING OC-16GD | C484: NVIDIA | D484: =LEFT(AB484, FIND(" ", AB484 & " ") - 1) -> GIGABYTE | E484: RTX 5000 | F484: 5070 Ti 16GB | G484: 1 | H484: 46.38 | I484: 46.38 | J484: 0.72 | K484: 1750 | L484: 2588 | M484: 343 | N484: 686 | O484: 280 | P484: GDDR7 | Q484: 16 | R484: 256 | S484: 28 | T484: 300 | U484: 1x 12V-2x6 (via Adapter: 3x 8-Pin PCIe) | V484: 5 | W484: 16 | X484: 16 | Y484: 1199.9 | Z484: 1861.18 | AA484: https://geizhals.eu/gigabyte-geforce-rtx-5070-ti-gaming-oc-16g-gv-n507tgaming-oc-16gd-a3381833.html?hloc=at&hloc=de&hloc=eu&hloc=pl&hloc=uk | AB484: GIGABYTE GeForce RTX 5070 Ti Gaming OC 16G, 16GB GDDR7, HDMI, 3x DP | AC484: {=(SUMPRODUCT((H484:O484/H$9:O$9)^H$7:O$7*H$2:O$2)+SUMPRODUCT((Q484:T484/Q$9:T$9)^Q$7:T$7*Q$2:T$2))*(0.8^(1-G484))*AC$9} -> 3.5802633 | AD484: {=(SUMPRODUCT((H484:O484/H$9:O$9)^H$7:O$7*H$3:O$3)+SUMPRODUCT((Q484:T484/Q$9:T$9)^Q$7:T$7*Q$3:T$3))*(0.1^(1-G484))*AD$9} -> 3.6122157 | AE484: {=(SUMPRODUCT((H484:O484/H$9:O$9)^H$7:O$7*H$4:O$4)+SUMPRODUCT((Q484:T484/Q$9:T$9)^Q$7:T$7*Q$4:T$4))*AE$9} -> 3.2084825 | AF484: {=(SUMPRODUCT((H484:O484/H$9:O$9)^H$7:O$7*H$5:O$5)+SUMPRODUCT((Q484:T484/Q$9:T$9)^Q$7:T$7*Q$5:T$5))*AF$9} -> 3.6875988 | AG484: {=SUMPRODUCT(AC484:AF484 * AC$3:AF$3) / SUM(AC$3:AF$3)} -> 3.5745949
... A488: MSI GeForce RTX 5070 Ti 16G Inspire 3X OC Plus, 16GB GDDR7, HDMI, 3x DP | B488: V531-099R | C488: NVIDIA | D488: =LEFT(AB488, FIND(" ", AB488 & " ") - 1) -> MSI | E488: RTX 5000 | F488: 5070 Ti 16GB | G488: 1 | H488: 44.75 | I488: 44.75 | J488: 0.7 | K488: 1750 | L488: 2497 | M488: 343 | N488: 686 | O488: 280 | P488: GDDR7 | Q488: 16 | R488: 256 | S488: 28 | T488: 300 | U488: 1x 12V-2x6 (via Adapter: 3x 8-Pin PCIe) | V488: 5 | W488: 16 | X488: 16 | Y488: 1149 | Z488: 1199 | AA488: https://geizhals.eu/msi-geforce-rtx-5070-ti-16g-inspire-3x-oc-plus-a3382174.html?hloc=at&hloc=de&hloc=eu&hloc=pl&hloc=uk | AB488: MSI GeForce RTX 5070 Ti 16G Inspire 3X OC Plus, 16GB GDDR7, HDMI, 3x DP | AC488: {=(SUMPRODUCT((H488:O488/H$9:O$9)^H$7:O$7*H$2:O$2)+SUMPRODUCT((Q488:T488/Q$9:T$9)^Q$7:T$7*Q$2:T$2))*(0.8^(1-G488))*AC$9} -> 3.5603919 | AD488: {=(SUMPRODUCT((H488:O488/H$9:O$9)^H$7:O$7*H$3:O$3)+SUMPRODUCT((Q488:T488/Q$9:T$9)^Q$7:T$7*Q$3:T$3))*(0.1^(1-G488))*AD$9} -> 3.5261492 | AE488: {=(SUMPRODUCT((H488:O488/H$9:O$9)^H$7:O$7*H$4:O$4)+SUMPRODUCT((Q488:T488/Q$9:T$9)^Q$7:T$7*Q$4:T$4))*AE$9} -> 3.1476207 | AF488: {=(SUMPRODUCT((H488:O488/H$9:O$9)^H$7:O$7*H$5:O$5)+SUMPRODUCT((Q488:T488/Q$9:T$9)^Q$7:T$7*Q$5:T$5))*AF$9} -> 3.6412891 | AG488: {=SUMPRODUCT(AC488:AF488 * AC$3:AF$3) / SUM(AC$3:AF$3)} -> 3.5089876
A489: MSI GeForce RTX 5070 Ti 16G Vanguard SOC Launch Edition, 16GB GDDR7, HDMI, 3x DP | C489: NVIDIA | D489: =LEFT(AB489, FIND(" ", AB489 & " ") - 1) -> MSI | E489: RTX 5000 | F489: 5070 Ti 16GB | G489: 1 | H489: 46.63 | I489: 46.63 | J489: 0.73 | K489: 1750 | L489: 2602 | M489: 343 | N489: 686 | O489: 280 | P489: GDDR7 | Q489: 16 | R489: 256 | S489: 28 | T489: 300 | U489: 1x 12V-2x6 (via Adapter: 3x 8-Pin PCIe) | V489: 5 | W489: 16 | X489: 16 | Y489: 1379.99 | Z489: 1399.99 | AA489: https://geizhals.eu/msi-geforce-rtx-5070-ti-16g-vanguard-soc-launch-edition-a3382156.html?hloc=at&hloc=de&hloc=eu&hloc=pl&hloc=uk | AB489: MSI GeForce RTX 5070 Ti 16G Vanguard SOC Launch Edition, 16GB GDDR7, HDMI, 3x DP | AC489: {=(SUMPRODUCT((H489:O489/H$9:O$9)^H$7:O$7*H$2:O$2)+SUMPRODUCT((Q489:T489/Q$9:T$9)^Q$7:T$7*Q$2:T$2))*(0.8^(1-G489))*AC$9} -> 3.5833101 | AD489: {=(SUMPRODUCT((H489:O489/H$9:O$9)^H$7:O$7*H$3:O$3)+SUMPRODUCT((Q489:T489/Q$9:T$9)^Q$7:T$7*Q$3:T$3))*(0.1^(1-G489))*AD$9} -> 3.6271104 | AE489: {=(SUMPRODUCT((H489:O489/H$9:O$9)^H$7:O$7*H$4:O$4)+SUMPRODUCT((Q489:T489/Q$9:T$9)^Q$7:T$7*Q$4:T$4))*AE$9} -> 3.2298889 | AF489: {=(SUMPRODUCT((H489:O489/H$9:O$9)^H$7:O$7*H$5:O$5)+SUMPRODUCT((Q489:T489/Q$9:T$9)^Q$7:T$7*Q$5:T$5))*AF$9} -> 3.694688 | AG489: {=SUMPRODUCT(AC489:AF489 * AC$3:AF$3) / SUM(AC$3:AF$3)} -> 3.5869376
A490: MSI GeForce RTX 5070 Ti 16G Ventus 3X OC, 16GB GDDR7, HDMI, 3x DP | C490: NVIDIA | D490: =LEFT(AB490, FIND(" ", AB490 & " ") - 1) -> MSI | E490: RTX 5000 | F490: 5070 Ti 16GB | G490: 1 | H490: 44.75 | I490: 44.75 | J490: 0.7 | K490: 1750 | L490: 2497 | M490: 343 | N490: 686 | O490: 280 | P490: GDDR7 | Q490: 16 | R490: 256 | S490: 28 | T490: 300 | U490: 1x 12V-2x6 (via Adapter: 2x 8-Pin PCIe) | V490: 5 | W490: 16 | X490: 16 | Y490: 1179 | Z490: 1680.97 | AA490: https://geizhals.eu/msi-geforce-rtx-5070-ti-16g-ventus-3x-oc-plus-a3382170.html?hloc=at&hloc=de&hloc=eu&hloc=pl&hloc=uk | AB490: MSI GeForce RTX 5070 Ti 16G Ventus 3X OC, 16GB GDDR7, HDMI, 3x DP | AC490: {=(SUMPRODUCT((H490:O490/H$9:O$9)^H$7:O$7*H$2:O$2)+SUMPRODUCT((Q490:T490/Q$9:T$9)^Q$7:T$7*Q$2:T$2))*(0.8^(1-G490))*AC$9} -> 3.5603919 | AD490: {=(SUMPRODUCT((H490:O490/H$9:O$9)^H$7:O$7*H$3:O$3)+SUMPRODUCT((Q490:T490/Q$9:T$9)^Q$7:T$7*Q$3:T$3))*(0.1^(1-G490))*AD$9} -> 3.5261492 | AE490: {=(SUMPRODUCT((H490:O490/H$9:O$9)^H$7:O$7*H$4:O$4)+SUMPRODUCT((Q490:T490/Q$9:T$9)^Q$7:T$7*Q$4:T$4))*AE$9} -> 3.1476207 | AF490: {=(SUMPRODUCT((H490:O490/H$9:O$9)^H$7:O$7*H$5:O$5)+SUMPRODUCT((Q490:T490/Q$9:T$9)^Q$7:T$7*Q$5:T$5))*AF$9} -> 3.6412891 | AG490: {=SUMPRODUCT(AC490:AF490 * AC$3:AF$3) / SUM(AC$3:AF$3)} -> 3.5089876
A491: Zotac Gaming GeForce RTX 5070 Ti Solid OC, 16GB GDDR7, HDMI, 3x DP | B491: ZT-B50710J-10P | C491: NVIDIA | D491: =LEFT(AB491, FIND(" ", AB491 & " ") - 1) -> Zotac | E491: RTX 5000 | F491: 5070 Ti 16GB | G491: 1 | H491: 44.48 | I491: 44.48 | J491: 0.69 | K491: 1750 | L491: 2482 | M491: 343 | N491: 686 | O491: 280 | P491: GDDR7 | Q491: 16 | R491: 256 | S491: 28 | T491: 300 | U491: 1x 12V-2x6 (via Adapter: 3x 8-Pin PCIe) | V491: 5 | W491: 16 | X491: 16 | Y491: 1298.99 | Z491: 1399 | AA491: https://geizhals.eu/zotac-gaming-geforce-rtx-5070-ti-solid-oc-zt-b50710j-10p-a3421980.html?hloc=at&hloc=de&hloc=eu&hloc=pl&hloc=uk | AB491: Zotac Gaming GeForce RTX 5070 Ti Solid OC, 16GB GDDR7, HDMI, 3x DP | AC491: {=(SUMPRODUCT((H491:O491/H$9:O$9)^H$7:O$7*H$2:O$2)+SUMPRODUCT((Q491:T491/Q$9:T$9)^Q$7:T$7*Q$2:T$2))*(0.8^(1-G491))*AC$9} -> 3.5571026 | AD491: {=(SUMPRODUCT((H491:O491/H$9:O$9)^H$7:O$7*H$3:O$3)+SUMPRODUCT((Q491:T491/Q$9:T$9)^Q$7:T$7*Q$3:T$3))*(0.1^(1-G491))*AD$9} -> 3.5101732 | AE491: {=(SUMPRODUCT((H491:O491/H$9:O$9)^H$7:O$7*H$4:O$4)+SUMPRODUCT((Q491:T491/Q$9:T$9)^Q$7:T$7*Q$4:T$4))*AE$9} -> 3.1257325 | AF491: {=(SUMPRODUCT((H491:O491/H$9:O$9)^H$7:O$7*H$5:O$5)+SUMPRODUCT((Q491:T491/Q$9:T$9)^Q$7:T$7*Q$5:T$5))*AF$9} -> 3.6336044 | AG491: {=SUMPRODUCT(AC491:AF491 * AC$3:AF$3) / SUM(AC$3:AF$3)} -> 3.495851
A492: ASUS Prime GeForce RTX 5080 OC, PRIME-RTX5080-O16G, 16GB GDDR7, HDMI, 3x DP | B492: 90YV0LX0-M0NA00 | C492: NVIDIA | D492: =LEFT(AB492, FIND(" ", AB492 & " ") - 1) -> ASUS | E492: RTX 5000 | F492: 5080 16GB | G492: 1 | H492: 57.74 | I492: 57.74 | J492: 0.9 | K492: 1875 | L492: 2685 | M492: 440.1 | N492: 880.3 | O492: 384 | P492: GDDR7 | Q492: 16 | R492: 256 | S492: 30 | T492: 360 | U492: 1x 12V-2x6 (via Adapter: 3x 8-Pin PCIe) | V492: 5 | W492: 16 | X492: 16 | Y492: 1699 | Z492: 2093.9 | AA492: https://geizhals.eu/asus-prime-geforce-rtx-5080-oc-90yv0lx0-m0na00-a3382462.html?hloc=at&hloc=de&hloc=eu&hloc=pl&hloc=uk | AB492: ASUS Prime GeForce RTX 5080 OC, PRIME-RTX5080-O16G, 16GB GDDR7, HDMI, 3x DP | AC492: {=(SUMPRODUCT((H492:O492/H$9:O$9)^H$7:O$7*H$2:O$2)+SUMPRODUCT((Q492:T492/Q$9:T$9)^Q$7:T$7*Q$2:T$2))*(0.8^(1-G492))*AC$9} -> 4.2322632 | AD492: {=(SUMPRODUCT((H492:O492/H$9:O$9)^H$7:O$7*H$3:O$3)+SUMPRODUCT((Q492:T492/Q$9:T$9)^Q$7:T$7*Q$3:T$3))*(0.1^(1-G492))*AD$9} -> 4.2046375 | AE492: {=(SUMPRODUCT((H492:O492/H$9:O$9)^H$7:O$7*H$4:O$4)+SUMPRODUCT((Q492:T492/Q$9:T$9)^Q$7:T$7*Q$4:T$4))*AE$9} -> 3.7065291 | AF492: {=(SUMPRODUCT((H492:O492/H$9:O$9)^H$7:O$7*H$5:O$5)+SUMPRODUCT((Q492:T492/Q$9:T$9)^Q$7:T$7*Q$5:T$5))*AF$9} -> 4.3942183 | AG492: {=SUMPRODUCT(AC492:AF492 * AC$3:AF$3) / SUM(AC$3:AF$3)} -> 4.1854932
A493: ASUS ROG Astral GeForce RTX 5080 OC, ROG-ASTRAL-RTX5080-O16G-GAMING, 16GB GDDR7, 2x HDMI, 3x DP | B493: 90YV0LV0-M0NA00 | C493: NVIDIA | D493: =LEFT(AB493, FIND(" ", AB493 & " ") - 1) -> ASUS | E493: RTX 5000 | F493: 5080 16GB | G493: 1 | H493: 60 | I493: 60 | J493: 0.94 | K493: 1875 | L493: 2790 | M493: 440.1 | N493: 880.3 | O493: 384 | P493: GDDR7 | Q493: 16 | R493: 256 | S493: 30 | T493: 360 | U493: 1x 12V-2x6 (via Adapter: 3x 8-Pin PCIe) | V493: 5 | W493: 16 | X493: 16 | Y493: 2179.95 | Z493: 3000 | AA493: https://geizhals.eu/asus-rog-astral-geforce-rtx-5080-oc-90yv0lv0-m0na00-a3382383.html?hloc=at&hloc=de&hloc=eu&hloc=pl&hloc=uk | AB493: ASUS ROG Astral GeForce RTX 5080 OC, ROG-ASTRAL-RTX5080-O16G-GAMING, 16GB GDDR7, 2x HDMI, 3x DP | AC493: {=(SUMPRODUCT((H493:O493/H$9:O$9)^H$7:O$7*H$2:O$2)+SUMPRODUCT((Q493:T493/Q$9:T$9)^Q$7:T$7*Q$2:T$2))*(0.8^(1-G493))*AC$9} -> 4.2567953 | AD493: {=(SUMPRODUCT((H493:O493/H$9:O$9)^H$7:O$7*H$3:O$3)+SUMPRODUCT((Q493:T493/Q$9:T$9)^Q$7:T$7*Q$3:T$3))*(0.1^(1-G493))*AD$9} -> 4.3224651 | AE493: {=(SUMPRODUCT((H493:O493/H$9:O$9)^H$7:O$7*H$4:O$4)+SUMPRODUCT((Q493:T493/Q$9:T$9)^Q$7:T$7*Q$4:T$4))*AE$9} -> 3.8079786 | AF493: {=(SUMPRODUCT((H493:O493/H$9:O$9)^H$7:O$7*H$5:O$5)+SUMPRODUCT((Q493:T493/Q$9:T$9)^Q$7:T$7*Q$5:T$5))*AF$9} -> 4.4557465 | AG493: {=SUMPRODUCT(AC493:AF493 * AC$3:AF$3) / SUM(AC$3:AF$3)} -> 4.2765685
A494: ASUS TUF Gaming GeForce RTX 5080 OC, TUF-RTX5080-O16G-GAMING, 16GB GDDR7, 2x HDMI, 3x DP | B494: 90YV0M30-M0NA00 | C494: NVIDIA | D494: =LEFT(AB494, FIND(" ", AB494 & " ") - 1) -> ASUS | E494: RTX 5000 | F494: 5080 16GB | G494: 1 | H494: 58.71 | I494: 58.71 | J494: 0.92 | K494: 1875 | L494: 2730 | M494: 440.1 | N494: 880.3 | O494: 384 | P494: GDDR7 | Q494: 16 | R494: 256 | S494: 30 | T494: 360 | U494: 1x 12V-2x6 (via Adapter: 3x 8-Pin PCIe) | V494: 5 | W494: 16 | X494: 16 | Y494: 1730.93 | Z494: 2155.87 | AA494: https://geizhals.eu/asus-tuf-gaming-geforce-rtx-5080-oc-90yv0m30-m0na00-a3382457.html?hloc=at&hloc=de&hloc=eu&hloc=pl&hloc=uk | AB494: ASUS TUF Gaming GeForce RTX 5080 OC, TUF-RTX5080-O16G-GAMING, 16GB GDDR7, 2x HDMI, 3x DP | AC494: {=(SUMPRODUCT((H494:O494/H$9:O$9)^H$7:O$7*H$2:O$2)+SUMPRODUCT((Q494:T494/Q$9:T$9)^Q$7:T$7*Q$2:T$2))*(0.8^(1-G494))*AC$9} -> 4.2427959 | AD494: {=(SUMPRODUCT((H494:O494/H$9:O$9)^H$7:O$7*H$3:O$3)+SUMPRODUCT((Q494:T494/Q$9:T$9)^Q$7:T$7*Q$3:T$3))*(0.1^(1-G494))*AD$9} -> 4.2559566 | AE494: {=(SUMPRODUCT((H494:O494/H$9:O$9)^H$7:O$7*H$4:O$4)+SUMPRODUCT((Q494:T494/Q$9:T$9)^Q$7:T$7*Q$4:T$4))*AE$9} -> 3.7548741 | AF494: {=(SUMPRODUCT((H494:O494/H$9:O$9)^H$7:O$7*H$5:O$5)+SUMPRODUCT((Q494:T494/Q$9:T$9)^Q$7:T$7*Q$5:T$5))*AF$9} -> 4.4206545 | AG494: {=SUMPRODUCT(AC494:AF494 * AC$3:AF$3) / SUM(AC$3:AF$3)} -> 4.2255369
A495: GIGABYTE AORUS GeForce RTX 5080 Master 16G, 16GB GDDR7, HDMI, 3x DP | B495: GV-N5080AORUS M-16GD | C495: NVIDIA | D495: =LEFT(AB495, FIND(" ", AB495 & " ") - 1) -> GIGABYTE | E495: RTX 5000 | F495: 5080 16GB | G495: 1 | H495: 60.32 | I495: 60.32 | J495: 0.94 | K495: 1875 | L495: 2805 | M495: 440.1 | N495: 880.3 | O495: 384 | P495: GDDR7 | Q495: 16 | R495: 256 | S495: 30 | T495: 360 | U495: 1x 12V-2x6 (via Adapter: 3x 8-Pin PCIe) | V495: 5 | W495: 16 | X495: 16 | Y495: 2069 | Z495: 2492.49 | AA495: https://geizhals.eu/gigabyte-aorus-geforce-rtx-5080-master-16g-gv-n5080aorus-m-16gd-a3381767.html?hloc=at&hloc=de&hloc=eu&hloc=pl&hloc=uk | AB495: GIGABYTE AORUS GeForce RTX 5080 Master 16G, 16GB GDDR7, HDMI, 3x DP | AC495: {=(SUMPRODUCT((H495:O495/H$9:O$9)^H$7:O$7*H$2:O$2)+SUMPRODUCT((Q495:T495/Q$9:T$9)^Q$7:T$7*Q$2:T$2))*(0.8^(1-G495))*AC$9} -> 4.2602776 | AD495: {=(SUMPRODUCT((H495:O495/H$9:O$9)^H$7:O$7*H$3:O$3)+SUMPRODUCT((Q495:T495/Q$9:T$9)^Q$7:T$7*Q$3:T$3))*(0.1^(1-G495))*AD$9} -> 4.3377627 | AE495: {=(SUMPRODUCT((H495:O495/H$9:O$9)^H$7:O$7*H$4:O$4)+SUMPRODUCT((Q495:T495/Q$9:T$9)^Q$7:T$7*Q$4:T$4))*AE$9} -> 3.8129049 | AF495: {=(SUMPRODUCT((H495:O495/H$9:O$9)^H$7:O$7*H$5:O$5)+SUMPRODUCT((Q495:T495/Q$9:T$9)^Q$7:T$7*Q$5:T$5))*AF$9} -> 4.4644446 | AG495: {=SUMPRODUCT(AC495:AF495 * AC$3:AF$3) / SUM(AC$3:AF$3)} -> 4.2876446
A496: GIGABYTE AORUS GeForce RTX 5080 Master ICE 16G, 16GB GDDR7, HDMI, 3x DP | B496: GV-N5080AORUSM ICE-16GD | C496: NVIDIA | D496: =LEFT(AB496, FIND(" ", AB496 & " ") - 1) -> GIGABYTE | E496: RTX 5000 | F496: 5080 16GB | G496: 1 | H496: 60.32 | I496: 60.32 | J496: 0.94 | K496: 1875 | L496: 2805 | M496: 440.1 | N496: 880.3 | O496: 384 | P496: GDDR7 | Q496: 16 | R496: 256 | S496: 30 | T496: 360 | U496: 1x 12V-2x6 (via Adapter: 3x 8-Pin PCIe) | V496: 5 | W496: 16 | X496: 16 | Y496: 1998 | Z496: 2299 | AA496: https://geizhals.eu/gigabyte-aorus-geforce-rtx-5080-master-ice-16g-gv-n5080aorusm-ice-16gd-a3381764.html?hloc=at&hloc=de&hloc=eu&hloc=pl&hloc=uk | AB496: GIGABYTE AORUS GeForce RTX 5080 Master ICE 16G, 16GB GDDR7, HDMI, 3x DP | AC496: {=(SUMPRODUCT((H496:O496/H$9:O$9)^H$7:O$7*H$2:O$2)+SUMPRODUCT((Q496:T496/Q$9:T$9)^Q$7:T$7*Q$2:T$2))*(0.8^(1-G496))*AC$9} -> 4.2602776 | AD496: {=(SUMPRODUCT((H496:O496/H$9:O$9)^H$7:O$7*H$3:O$3)+SUMPRODUCT((Q496:T496/Q$9:T$9)^Q$7:T$7*Q$3:T$3))*(0.1^(1-G496))*AD$9} -> 4.3377627 | AE496: {=(SUMPRODUCT((H496:O496/H$9:O$9)^H$7:O$7*H$4:O$4)+SUMPRODUCT((Q496:T496/Q$9:T$9)^Q$7:T$7*Q$4:T$4))*AE$9} -> 3.8129049 | AF496: {=(SUMPRODUCT((H496:O496/H$9:O$9)^H$7:O$7*H$5:O$5)+SUMPRODUCT((Q496:T496/Q$9:T$9)^Q$7:T$7*Q$5:T$5))*AF$9} -> 4.4644446 | AG496: {=SUMPRODUCT(AC496:AF496 * AC$3:AF$3) / SUM(AC$3:AF$3)} -> 4.2876446
A497: GIGABYTE GeForce RTX 5080 Aero OC SFF 16G, 16GB GDDR7, HDMI, 3x DP | B497: GV-N5080AERO OC-16GD | C497: NVIDIA | D497: =LEFT(AB497, FIND(" ", AB497 & " ") - 1) -> GIGABYTE | E497: RTX 5000 | F497: 5080 16GB | G497: 1 | H497: 58.71 | I497: 58.71 | J497: 0.92 | K497: 1875 | L497: 2730 | M497: 440.1 | N497: 880.3 | O497: 384 | P497: GDDR7 | Q497: 16 | R497: 256 | S497: 30 | T497: 360 | U497: 1x 12V-2x6 (via Adapter: 3x 8-Pin PCIe) | V497: 5 | W497: 16 | X497: 16 | Y497: 1690.3 | Z497: 2695.48 | AA497: https://geizhals.eu/gigabyte-geforce-rtx-5080-aero-oc-sff-16g-gv-n5080aero-oc-16gd-a3381783.html?hloc=at&hloc=de&hloc=eu&hloc=pl&hloc=uk | AB497: GIGABYTE GeForce RTX 5080 Aero OC SFF 16G, 16GB GDDR7, HDMI, 3x DP | AC497: {=(SUMPRODUCT((H497:O497/H$9:O$9)^H$7:O$7*H$2:O$2)+SUMPRODUCT((Q497:T497/Q$9:T$9)^Q$7:T$7*Q$2:T$2))*(0.8^(1-G497))*AC$9} -> 4.2427959 | AD497: {=(SUMPRODUCT((H497:O497/H$9:O$9)^H$7:O$7*H$3:O$3)+SUMPRODUCT((Q497:T497/Q$9:T$9)^Q$7:T$7*Q$3:T$3))*(0.1^(1-G497))*AD$9} -> 4.2559566 | AE497: {=(SUMPRODUCT((H497:O497/H$9:O$9)^H$7:O$7*H$4:O$4)+SUMPRODUCT((Q497:T497/Q$9:T$9)^Q$7:T$7*Q$4:T$4))*AE$9} -> 3.7548741 | AF497: {=(SUMPRODUCT((H497:O497/H$9:O$9)^H$7:O$7*H$5:O$5)+SUMPRODUCT((Q497:T497/Q$9:T$9)^Q$7:T$7*Q$5:T$5))*AF$9} -> 4.4206545 | AG497: {=SUMPRODUCT(AC497:AF497 * AC$3:AF$3) / SUM(AC$3:AF$3)} -> 4.2255369
A498: GIGABYTE GeForce RTX 5080 Gaming OC 16G, 16GB GDDR7, HDMI, 3x DP | B498: GV-N5080GAMING OC-16GD | C498: NVIDIA | D498: =LEFT(AB498, FIND(" ", AB498 & " ") - 1) -> GIGABYTE | E498: RTX 5000 | F498: 5080 16GB | G498: 1 | H498: 58.71 | I498: 58.71 | J498: 0.92 | K498: 1875 | L498: 2730 | M498: 440.1 | N498: 880.3 | O498: 384 | P498: GDDR7 | Q498: 16 | R498: 256 | S498: 30 | T498: 360 | U498: 1x 12V-2x6 (via Adapter: 3x 8-Pin PCIe) | V498: 5 | W498: 16 | X498: 16 | Y498: 1749.99 | Z498: 2383.59 | AA498: https://geizhals.eu/gigabyte-aorus-geforce-rtx-5080-gaming-oc-16g-gv-n5080gaming-oc-16gd-a3381774.html?hloc=at&hloc=de&hloc=eu&hloc=pl&hloc=uk | AB498: GIGABYTE GeForce RTX 5080 Gaming OC 16G, 16GB GDDR7, HDMI, 3x DP | AC498: {=(SUMPRODUCT((H498:O498/H$9:O$9)^H$7:O$7*H$2:O$2)+SUMPRODUCT((Q498:T498/Q$9:T$9)^Q$7:T$7*Q$2:T$2))*(0.8^(1-G498))*AC$9} -> 4.2427959 | AD498: {=(SUMPRODUCT((H498:O498/H$9:O$9)^H$7:O$7*H$3:O$3)+SUMPRODUCT((Q498:T498/Q$9:T$9)^Q$7:T$7*Q$3:T$3))*(0.1^(1-G498))*AD$9} -> 4.2559566 | AE498: {=(SUMPRODUCT((H498:O498/H$9:O$9)^H$7:O$7*H$4:O$4)+SUMPRODUCT((Q498:T498/Q$9:T$9)^Q$7:T$7*Q$4:T$4))*AE$9} -> 3.7548741 | AF498: {=(SUMPRODUCT((H498:O498/H$9:O$9)^H$7:O$7*H$5:O$5)+SUMPRODUCT((Q498:T498/Q$9:T$9)^Q$7:T$7*Q$5:T$5))*AF$9} -> 4.4206545 | AG498: {=SUMPRODUCT(AC498:AF498 * AC$3:AF$3) / SUM(AC$3:AF$3)} -> 4.2255369
A499: GIGABYTE GeForce RTX 5080 Windforce OC SFF 16G, 16GB GDDR7, HDMI, 3x DP | B499: GV-N5080WF3OC-16GD | C499: NVIDIA | D499: =LEFT(AB499, FIND(" ", AB499 & " ") - 1) -> GIGABYTE | E499: RTX 5000 | F499: 5080 16GB | G499: 1 | H499: 57.42 | I499: 57.42 | J499: 0.9 | K499: 1875 | L499: 2670 | M499: 440.1 | N499: 880.3 | O499: 384 | P499: GDDR7 | Q499: 16 | R499: 256 | S499: 30 | T499: 360 | U499: 1x 12V-2x6 (via Adapter: 3x 8-Pin PCIe) | V499: 5 | W499: 16 | X499: 16 | Y499: 1589 | Z499: 2250 | AA499: https://geizhals.eu/gigabyte-geforce-rtx-5080-windforce-oc-sff-16g-gv-n5080wf3oc-16gd-a3381809.html?hloc=at&hloc=de&hloc=eu&hloc=pl&hloc=uk | AB499: GIGABYTE GeForce RTX 5080 Windforce OC SFF 16G, 16GB GDDR7, HDMI, 3x DP | AC499: {=(SUMPRODUCT((H499:O499/H$9:O$9)^H$7:O$7*H$2:O$2)+SUMPRODUCT((Q499:T499/Q$9:T$9)^Q$7:T$7*Q$2:T$2))*(0.8^(1-G499))*AC$9} -> 4.2287657 | AD499: {=(SUMPRODUCT((H499:O499/H$9:O$9)^H$7:O$7*H$3:O$3)+SUMPRODUCT((Q499:T499/Q$9:T$9)^Q$7:T$7*Q$3:T$3))*(0.1^(1-G499))*AD$9} -> 4.1892543 | AE499: {=(SUMPRODUCT((H499:O499/H$9:O$9)^H$7:O$7*H$4:O$4)+SUMPRODUCT((Q499:T499/Q$9:T$9)^Q$7:T$7*Q$4:T$4))*AE$9} -> 3.7015811 | AF499: {=(SUMPRODUCT((H499:O499/H$9:O$9)^H$7:O$7*H$5:O$5)+SUMPRODUCT((Q499:T499/Q$9:T$9)^Q$7:T$7*Q$5:T$5))*AF$9} -> 4.385479 | AG499: {=SUMPRODUCT(AC499:AF499 * AC$3:AF$3) / SUM(AC$3:AF$3)} -> 4.1743577
A500: INNO3D GeForce RTX 5080 X3 OC, 16GB GDDR7, HDMI, 3x DP | B500: N50803-16D7X-17603930 | C500: NVIDIA | D500: =LEFT(AB500, FIND(" ", AB500 & " ") - 1) -> INNO3D | E500: RTX 5000 | F500: 5080 16GB | G500: 1 | H500: 56.77 | I500: 56.77 | J500: 0.89 | K500: 1875 | L500: 2640 | M500: 440.1 | N500: 880.3 | O500: 384 | P500: GDDR7 | Q500: 16 | R500: 256 | S500: 30 | T500: 360 | U500: 1x 12V-2x6 (via Adapter: 3x 8-Pin PCIe) | V500: 5 | W500: 16 | X500: 16 | Y500: 1599 | Z500: 1748 | AA500: https://geizhals.eu/inno3d-geforce-rtx-5080-x3-oc-n50803-16d7x-17603930-a3382789.html?hloc=at&hloc=de&hloc=eu&hloc=pl&hloc=uk | AB500: INNO3D GeForce RTX 5080 X3 OC, 16GB GDDR7, HDMI, 3x DP | AC500: {=(SUMPRODUCT((H500:O500/H$9:O$9)^H$7:O$7*H$2:O$2)+SUMPRODUCT((Q500:T500/Q$9:T$9)^Q$7:T$7*Q$2:T$2))*(0.8^(1-G500))*AC$9} -> 4.221713 | AD500: {=(SUMPRODUCT((H500:O500/H$9:O$9)^H$7:O$7*H$3:O$3)+SUMPRODUCT((Q500:T500/Q$9:T$9)^Q$7:T$7*Q$3:T$3))*(0.1^(1-G500))*AD$9} -> 4.1555939 | AE500: {=(SUMPRODUCT((H500:O500/H$9:O$9)^H$7:O$7*H$4:O$4)+SUMPRODUCT((Q500:T500/Q$9:T$9)^Q$7:T$7*Q$4:T$4))*AE$9} -> 3.674785 | AF500: {=(SUMPRODUCT((H500:O500/H$9:O$9)^H$7:O$7*H$5:O$5)+SUMPRODUCT((Q500:T500/Q$9:T$9)^Q$7:T$7*Q$5:T$5))*AF$9} -> 4.3677342 | AG500: {=SUMPRODUCT(AC500:AF500 * AC$3:AF$3) / SUM(AC$3:AF$3)} -> 4.1485473
A501: MSI GeForce RTX 5080 16G Gaming Trio OC White, 16GB GDDR7, HDMI, 3x DP | B501: V531-045R | C501: NVIDIA | D501: =LEFT(AB501, FIND(" ", AB501 & " ") - 1) -> MSI | E501: RTX 5000 | F501: 5080 16GB | G501: 1 | H501: 58.38 | I501: 58.38 | J501: 0.91 | K501: 1875 | L501: 2715 | M501: 440.1 | N501: 880.3 | O501: 384 | P501: GDDR7 | Q501: 16 | R501: 256 | S501: 30 | T501: 360 | U501: 1x 12V-2x6 (via Adapter: 3x 8-Pin PCIe) | V501: 5 | W501: 16 | X501: 16 | Y501: 1949 | Z501: 2289 | AA501: https://geizhals.eu/msi-geforce-rtx-5080-16g-gaming-trio-oc-white-a3382120.html?hloc=at&hloc=de&hloc=eu&hloc=pl&hloc=uk | AB501: MSI GeForce RTX 5080 16G Gaming Trio OC White, 16GB GDDR7, HDMI, 3x DP | AC501: {=(SUMPRODUCT((H501:O501/H$9:O$9)^H$7:O$7*H$2:O$2)+SUMPRODUCT((Q501:T501/Q$9:T$9)^Q$7:T$7*Q$2:T$2))*(0.8^(1-G501))*AC$9} -> 4.2392526 | AD501: {=(SUMPRODUCT((H501:O501/H$9:O$9)^H$7:O$7*H$3:O$3)+SUMPRODUCT((Q501:T501/Q$9:T$9)^Q$7:T$7*Q$3:T$3))*(0.1^(1-G501))*AD$9} -> 4.2377572 | AE501: {=(SUMPRODUCT((H501:O501/H$9:O$9)^H$7:O$7*H$4:O$4)+SUMPRODUCT((Q501:T501/Q$9:T$9)^Q$7:T$7*Q$4:T$4))*AE$9} -> 3.7331167 | AF501: {=(SUMPRODUCT((H501:O501/H$9:O$9)^H$7:O$7*H$5:O$5)+SUMPRODUCT((Q501:T501/Q$9:T$9)^Q$7:T$7*Q$5:T$5))*AF$9} -> 4.4116813 | AG501: {=SUMPRODUCT(AC501:AF501 * AC$3:AF$3) / SUM(AC$3:AF$3)} -> 4.2109226
A502: MSI GeForce RTX 5080 16G Gaming Trio OC, 16GB GDDR7, HDMI, 3x DP | C502: NVIDIA | D502: =LEFT(AB502, FIND(" ", AB502 & " ") - 1) -> MSI | E502: RTX 5000 | F502: 5080 16GB | G502: 1 | H502: 58.38 | I502: 58.38 | J502: 0.91 | K502: 1875 | L502: 2715 | M502: 440.1 | N502: 880.3 | O502: 384 | P502: GDDR7 | Q502: 16 | R502: 256 | S502: 30 | T502: 360 | U502: 1x 12V-2x6 (via Adapter: 3x 8-Pin PCIe) | V502: 5 | W502: 16 | X502: 16 | Y502: 1739 | Z502: 2167.9 | AA502: https://geizhals.eu/msi-geforce-rtx-5080-16g-gaming-trio-oc-a3382115.html?hloc=at&hloc=de&hloc=eu&hloc=pl&hloc=uk | AB502: MSI GeForce RTX 5080 16G Gaming Trio OC, 16GB GDDR7, HDMI, 3x DP | AC502: {=(SUMPRODUCT((H502:O502/H$9:O$9)^H$7:O$7*H$2:O$2)+SUMPRODUCT((Q502:T502/Q$9:T$9)^Q$7:T$7*Q$2:T$2))*(0.8^(1-G502))*AC$9} -> 4.2392526 | AD502: {=(SUMPRODUCT((H502:O502/H$9:O$9)^H$7:O$7*H$3:O$3)+SUMPRODUCT((Q502:T502/Q$9:T$9)^Q$7:T$7*Q$3:T$3))*(0.1^(1-G502))*AD$9} -> 4.2377572 | AE502: {=(SUMPRODUCT((H502:O502/H$9:O$9)^H$7:O$7*H$4:O$4)+SUMPRODUCT((Q502:T502/Q$9:T$9)^Q$7:T$7*Q$4:T$4))*AE$9} -> 3.7331167 | AF502: {=(SUMPRODUCT((H502:O502/H$9:O$9)^H$7:O$7*H$5:O$5)+SUMPRODUCT((Q502:T502/Q$9:T$9)^Q$7:T$7*Q$5:T$5))*AF$9} -> 4.4116813 | AG502: {=SUMPRODUCT(AC502:AF502 * AC$3:AF$3) / SUM(AC$3:AF$3)} -> 4.2109226
A503: MSI GeForce RTX 5080 16G Inspire 3X OC, 16GB GDDR7, HDMI, 3x DP | C503: NVIDIA | D503: =LEFT(AB503, FIND(" ", AB503 & " ") - 1) -> MSI | E503: RTX 5000 | F503: 5080 16GB | G503: 1 | H503: 57.09 | I503: 57.09 | J503: 0.89 | K503: 1875 | L503: 2655 | M503: 440.1 | N503: 880.3 | O503: 384 | P503: GDDR7 | Q503: 16 | R503: 256 | S503: 30 | T503: 360 | U503: 1x 12V-2x6 (via Adapter: 3x 8-Pin PCIe) | V503: 5 | W503: 16 | X503: 16 | Y503: 1599.99 | Z503: 1699 | AA503: https://geizhals.eu/msi-geforce-rtx-5080-16g-inspire-3x-oc-a3382135.html?hloc=at&hloc=de&hloc=eu&hloc=pl&hloc=uk | AB503: MSI GeForce RTX 5080 16G Inspire 3X OC, 16GB GDDR7, HDMI, 3x DP | AC503: {=(SUMPRODUCT((H503:O503/H$9:O$9)^H$7:O$7*H$2:O$2)+SUMPRODUCT((Q503:T503/Q$9:T$9)^Q$7:T$7*Q$2:T$2))*(0.8^(1-G503))*AC$9} -> 4.2252145 | AD503: {=(SUMPRODUCT((H503:O503/H$9:O$9)^H$7:O$7*H$3:O$3)+SUMPRODUCT((Q503:T503/Q$9:T$9)^Q$7:T$7*Q$3:T$3))*(0.1^(1-G503))*AD$9} -> 4.1709994 | AE503: {=(SUMPRODUCT((H503:O503/H$9:O$9)^H$7:O$7*H$4:O$4)+SUMPRODUCT((Q503:T503/Q$9:T$9)^Q$7:T$7*Q$4:T$4))*AE$9} -> 3.6797385 | AF503: {=(SUMPRODUCT((H503:O503/H$9:O$9)^H$7:O$7*H$5:O$5)+SUMPRODUCT((Q503:T503/Q$9:T$9)^Q$7:T$7*Q$5:T$5))*AF$9} -> 4.3764842 | AG503: {=SUMPRODUCT(AC503:AF503 * AC$3:AF$3) / SUM(AC$3:AF$3)} -> 4.1596982
A504: MSI GeForce RTX 5080 16G Suprim Liquid SOC, 16GB GDDR7, HDMI, 3x DP | C504: NVIDIA | D504: =LEFT(AB504, FIND(" ", AB504 & " ") - 1) -> MSI | E504: RTX 5000 | F504: 5080 16GB | G504: 1 | H504: 59.35 | I504: 59.35 | J504: 0.93 | K504: 1875 | L504: 2760 | M504: 440.1 | N504: 880.3 | O504: 384 | P504: GDDR7 | Q504: 16 | R504: 256 | S504: 30 | T504: 360 | U504: 1x 12V-2x6 (via Adapter: 3x 8-Pin PCIe) | V504: 5 | W504: 16 | X504: 16 | Y504: 1949 | Z504: 1955 | AA504: https://geizhals.eu/msi-geforce-rtx-5080-16g-suprim-liquid-soc-a3382082.html?hloc=at&hloc=de&hloc=eu&hloc=pl&hloc=uk | AB504: MSI GeForce RTX 5080 16G Suprim Liquid SOC, 16GB GDDR7, HDMI, 3x DP | AC504: {=(SUMPRODUCT((H504:O504/H$9:O$9)^H$7:O$7*H$2:O$2)+SUMPRODUCT((Q504:T504/Q$9:T$9)^Q$7:T$7*Q$2:T$2))*(0.8^(1-G504))*AC$9} -> 4.2497737 | AD504: {=(SUMPRODUCT((H504:O504/H$9:O$9)^H$7:O$7*H$3:O$3)+SUMPRODUCT((Q504:T504/Q$9:T$9)^Q$7:T$7*Q$3:T$3))*(0.1^(1-G504))*AD$9} -> 4.2890011 | AE504: {=(SUMPRODUCT((H504:O504/H$9:O$9)^H$7:O$7*H$4:O$4)+SUMPRODUCT((Q504:T504/Q$9:T$9)^Q$7:T$7*Q$4:T$4))*AE$9} -> 3.7813725 | AF504: {=(SUMPRODUCT((H504:O504/H$9:O$9)^H$7:O$7*H$5:O$5)+SUMPRODUCT((Q504:T504/Q$9:T$9)^Q$7:T$7*Q$5:T$5))*AF$9} -> 4.4380862 | AG504: {=SUMPRODUCT(AC504:AF504 * AC$3:AF$3) / SUM(AC$3:AF$3)} -> 4.2509075
A505: MSI GeForce RTX 5080 16G Ventus 3X OC Plus, 16GB GDDR7, HDMI, 3x DP | B505: V531-001R | C505: NVIDIA | D505: =LEFT(AB505, FIND(" ", AB505 & " ") - 1) -> MSI | E505: RTX 5000 | F505: 5080 16GB | G505: 1 | H505: 57.09 | I505: 57.09 | J505: 0.89 | K505: 1875 | L505: 2655 | M505: 440.1 | N505: 880.3 | O505: 384 | P505: GDDR7 | Q505: 16 | R505: 256 | S505: 30 | T505: 360 | U505: 1x 12V-2x6 (via Adapter: 3x 8-Pin PCIe) | V505: 5 | W505: 16 | X505: 16 | Y505: 1649.99 | Z505: 2361.79 | AA505: https://geizhals.eu/msi-geforce-rtx-5080-16g-ventus-3x-oc-plus-a3382128.html?hloc=at&hloc=de&hloc=eu&hloc=pl&hloc=uk | AB505: MSI GeForce RTX 5080 16G Ventus 3X OC Plus, 16GB GDDR7, HDMI, 3x DP | AC505: {=(SUMPRODUCT((H505:O505/H$9:O$9)^H$7:O$7*H$2:O$2)+SUMPRODUCT((Q505:T505/Q$9:T$9)^Q$7:T$7*Q$2:T$2))*(0.8^(1-G505))*AC$9} -> 4.2252145 | AD505: {=(SUMPRODUCT((H505:O505/H$9:O$9)^H$7:O$7*H$3:O$3)+SUMPRODUCT((Q505:T505/Q$9:T$9)^Q$7:T$7*Q$3:T$3))*(0.1^(1-G505))*AD$9} -> 4.1709994 | AE505: {=(SUMPRODUCT((H505:O505/H$9:O$9)^H$7:O$7*H$4:O$4)+SUMPRODUCT((Q505:T505/Q$9:T$9)^Q$7:T$7*Q$4:T$4))*AE$9} -> 3.6797385 | AF505: {=(SUMPRODUCT((H505:O505/H$9:O$9)^H$7:O$7*H$5:O$5)+SUMPRODUCT((Q505:T505/Q$9:T$9)^Q$7:T$7*Q$5:T$5))*AF$9} -> 4.3764842 | AG505: {=SUMPRODUCT(AC505:AF505 * AC$3:AF$3) / SUM(AC$3:AF$3)} -> 4.1596982
A506: MSI GeForce RTX 5080 16G Ventus 3X OC, 16GB GDDR7, HDMI, 3x DP | B506: V531-095R | C506: NVIDIA | D506: =LEFT(AB506, FIND(" ", AB506 & " ") - 1) -> MSI | E506: RTX 5000 | F506: 5080 16GB | G506: 1 | H506: 57.09 | I506: 57.09 | J506: 0.89 | K506: 1875 | L506: 2655 | M506: 440.1 | N506: 880.3 | O506: 384 | P506: GDDR7 | Q506: 16 | R506: 256 | S506: 30 | T506: 360 | U506: 1x 12V-2x6 (via Adapter: 3x 8-Pin PCIe) | V506: 5 | W506: 16 | X506: 16 | Y506: 1559 | Z506: 2297.96 | AA506: https://geizhals.eu/msi-geforce-rtx-5080-16g-ventus-3x-oc-a3382121.html?hloc=at&hloc=de&hloc=eu&hloc=pl&hloc=uk | AB506: MSI GeForce RTX 5080 16G Ventus 3X OC, 16GB GDDR7, HDMI, 3x DP | AC506: {=(SUMPRODUCT((H506:O506/H$9:O$9)^H$7:O$7*H$2:O$2)+SUMPRODUCT((Q506:T506/Q$9:T$9)^Q$7:T$7*Q$2:T$2))*(0.8^(1-G506))*AC$9} -> 4.2252145 | AD506: {=(SUMPRODUCT((H506:O506/H$9:O$9)^H$7:O$7*H$3:O$3)+SUMPRODUCT((Q506:T506/Q$9:T$9)^Q$7:T$7*Q$3:T$3))*(0.1^(1-G506))*AD$9} -> 4.1709994 | AE506: {=(SUMPRODUCT((H506:O506/H$9:O$9)^H$7:O$7*H$4:O$4)+SUMPRODUCT((Q506:T506/Q$9:T$9)^Q$7:T$7*Q$4:T$4))*AE$9} -> 3.6797385 | AF506: {=(SUMPRODUCT((H506:O506/H$9:O$9)^H$7:O$7*H$5:O$5)+SUMPRODUCT((Q506:T506/Q$9:T$9)^Q$7:T$7*Q$5:T$5))*AF$9} -> 4.3764842 | AG506: {=SUMPRODUCT(AC506:AF506 * AC$3:AF$3) / SUM(AC$3:AF$3)} -> 4.1596982
A507: Palit GeForce RTX 5080 GameRock OC, 16GB GDDR7, HDMI, 3x DP | B507: NE75080T19T2-GB2030G | C507: NVIDIA | D507: =LEFT(AB507, FIND(" ", AB507 & " ") - 1) -> Palit | E507: RTX 5000 | F507: 5080 16GB | G507: 1 | H507: 58.71 | I507: 58.71 | J507: 0.92 | K507: 1875 | L507: 2730 | M507: 440.1 | N507: 880.3 | O507: 384 | P507: GDDR7 | Q507: 16 | R507: 256 | S507: 30 | T507: 360 | U507: 1x 12V-2x6 (via Adapter: 3x 8-Pin PCIe) | V507: 5 | W507: 16 | X507: 16 | Y507: 1449 | Z507: 1449 | AA507: https://geizhals.eu/palit-geforce-rtx-5080-gamerock-oc-ne75080t19t2-gb2030g-a3382498.html?hloc=at&hloc=de&hloc=eu&hloc=pl&hloc=uk | AB507: Palit GeForce RTX 5080 GameRock OC, 16GB GDDR7, HDMI, 3x DP | AC507: {=(SUMPRODUCT((H507:O507/H$9:O$9)^H$7:O$7*H$2:O$2)+SUMPRODUCT((Q507:T507/Q$9:T$9)^Q$7:T$7*Q$2:T$2))*(0.8^(1-G507))*AC$9} -> 4.2427959 | AD507: {=(SUMPRODUCT((H507:O507/H$9:O$9)^H$7:O$7*H$3:O$3)+SUMPRODUCT((Q507:T507/Q$9:T$9)^Q$7:T$7*Q$3:T$3))*(0.1^(1-G507))*AD$9} -> 4.2559566 | AE507: {=(SUMPRODUCT((H507:O507/H$9:O$9)^H$7:O$7*H$4:O$4)+SUMPRODUCT((Q507:T507/Q$9:T$9)^Q$7:T$7*Q$4:T$4))*AE$9} -> 3.7548741 | AF507: {=(SUMPRODUCT((H507:O507/H$9:O$9)^H$7:O$7*H$5:O$5)+SUMPRODUCT((Q507:T507/Q$9:T$9)^Q$7:T$7*Q$5:T$5))*AF$9} -> 4.4206545 | AG507: {=SUMPRODUCT(AC507:AF507 * AC$3:AF$3) / SUM(AC$3:AF$3)} -> 4.2255369
A508: Palit GeForce RTX 5080 GameRock, 16GB GDDR7, HDMI, 3x DP | B508: NE75080019T2-GB2030G | C508: NVIDIA | D508: =LEFT(AB508, FIND(" ", AB508 & " ") - 1) -> Palit | E508: RTX 5000 | F508: 5080 16GB | G508: 1 | H508: 56.28 | I508: 56.28 | J508: 0.88 | K508: 1875 | L508: 2617 | M508: 440.1 | N508: 880.3 | O508: 384 | P508: GDDR7 | Q508: 16 | R508: 256 | S508: 30 | T508: 360 | U508: 1x 12V-2x6 (via Adapter: 3x 8-Pin PCIe) | V508: 5 | W508: 16 | X508: 16 | Y508: 1389 | Z508: 2605.36 | AA508: https://geizhals.eu/palit-geforce-rtx-5080-gamerock-ne75080019t2-gb2030g-a3382503.html?hloc=at&hloc=de&hloc=eu&hloc=pl&hloc=uk | AB508: Palit GeForce RTX 5080 GameRock, 16GB GDDR7, HDMI, 3x DP | AC508: {=(SUMPRODUCT((H508:O508/H$9:O$9)^H$7:O$7*H$2:O$2)+SUMPRODUCT((Q508:T508/Q$9:T$9)^Q$7:T$7*Q$2:T$2))*(0.8^(1-G508))*AC$9} -> 4.2163435 | AD508: {=(SUMPRODUCT((H508:O508/H$9:O$9)^H$7:O$7*H$3:O$3)+SUMPRODUCT((Q508:T508/Q$9:T$9)^Q$7:T$7*Q$3:T$3))*(0.1^(1-G508))*AD$9} -> 4.1295856 | AE508: {=(SUMPRODUCT((H508:O508/H$9:O$9)^H$7:O$7*H$4:O$4)+SUMPRODUCT((Q508:T508/Q$9:T$9)^Q$7:T$7*Q$4:T$4))*AE$9} -> 3.6504196 | AF508: {=(SUMPRODUCT((H508:O508/H$9:O$9)^H$7:O$7*H$5:O$5)+SUMPRODUCT((Q508:T508/Q$9:T$9)^Q$7:T$7*Q$5:T$5))*AF$9} -> 4.3543238 | AG508: {=SUMPRODUCT(AC508:AF508 * AC$3:AF$3) / SUM(AC$3:AF$3)} -> 4.128261
A509: Zotac Gaming GeForce RTX 5080 AMP Extreme INFINITY, 16GB GDDR7, HDMI, 3x DP | B509: ZT-B50800B-10P | C509: NVIDIA | D509: =LEFT(AB509, FIND(" ", AB509 & " ") - 1) -> Zotac | E509: RTX 5000 | F509: 5080 16GB | G509: 1 | H509: 57.42 | I509: 57.42 | J509: 0.9 | K509: 1875 | L509: 2670 | M509: 440.1 | N509: 880.3 | O509: 384 | P509: GDDR7 | Q509: 16 | R509: 256 | S509: 30 | T509: 360 | U509: 1x 12V-2x6 (via Adapter: 3x 8-Pin PCIe) | V509: 5 | W509: 16 | X509: 16 | Y509: 1725 | Z509: 1999 | AA509: https://geizhals.eu/zotac-gaming-geforce-rtx-5080-amp-extreme-infinity-zt-b50800b-10p-a3382479.html?hloc=at&hloc=de&hloc=eu&hloc=pl&hloc=uk | AB509: Zotac Gaming GeForce RTX 5080 AMP Extreme INFINITY, 16GB GDDR7, HDMI, 3x DP | AC509: {=(SUMPRODUCT((H509:O509/H$9:O$9)^H$7:O$7*H$2:O$2)+SUMPRODUCT((Q509:T509/Q$9:T$9)^Q$7:T$7*Q$2:T$2))*(0.8^(1-G509))*AC$9} -> 4.2287657 | AD509: {=(SUMPRODUCT((H509:O509/H$9:O$9)^H$7:O$7*H$3:O$3)+SUMPRODUCT((Q509:T509/Q$9:T$9)^Q$7:T$7*Q$3:T$3))*(0.1^(1-G509))*AD$9} -> 4.1892543 | AE509: {=(SUMPRODUCT((H509:O509/H$9:O$9)^H$7:O$7*H$4:O$4)+SUMPRODUCT((Q509:T509/Q$9:T$9)^Q$7:T$7*Q$4:T$4))*AE$9} -> 3.7015811 | AF509: {=(SUMPRODUCT((H509:O509/H$9:O$9)^H$7:O$7*H$5:O$5)+SUMPRODUCT((Q509:T509/Q$9:T$9)^Q$7:T$7*Q$5:T$5))*AF$9} -> 4.385479 | AG509: {=SUMPRODUCT(AC509:AF509 * AC$3:AF$3) / SUM(AC$3:AF$3)} -> 4.1743577
A510: Zotac Gaming GeForce RTX 5080 SOLID OC, 16GB GDDR7, HDMI, 3x DP | B510: ZT-B50800J-10P | C510: NVIDIA | D510: =LEFT(AB510, FIND(" ", AB510 & " ") - 1) -> Zotac | E510: RTX 5000 | F510: 5080 16GB | G510: 1 | H510: 56.45 | I510: 56.45 | J510: 0.88 | K510: 1875 | L510: 2625 | M510: 440.1 | N510: 880.3 | O510: 384 | P510: GDDR7 | Q510: 16 | R510: 256 | S510: 30 | T510: 360 | U510: 1x 12V-2x6 (via Adapter: 3x 8-Pin PCIe) | V510: 5 | W510: 16 | X510: 16 | Y510: 1549 | Z510: 1749 | AA510: https://geizhals.eu/zotac-gaming-geforce-rtx-5080-solid-oc-zt-b50800j-10p-a3382480.html?hloc=at&hloc=de&hloc=eu&hloc=pl&hloc=uk | AB510: Zotac Gaming GeForce RTX 5080 SOLID OC, 16GB GDDR7, HDMI, 3x DP | AC510: {=(SUMPRODUCT((H510:O510/H$9:O$9)^H$7:O$7*H$2:O$2)+SUMPRODUCT((Q510:T510/Q$9:T$9)^Q$7:T$7*Q$2:T$2))*(0.8^(1-G510))*AC$9} -> 4.2182094 | AD510: {=(SUMPRODUCT((H510:O510/H$9:O$9)^H$7:O$7*H$3:O$3)+SUMPRODUCT((Q510:T510/Q$9:T$9)^Q$7:T$7*Q$3:T$3))*(0.1^(1-G510))*AD$9} -> 4.137781 | AE510: {=(SUMPRODUCT((H510:O510/H$9:O$9)^H$7:O$7*H$4:O$4)+SUMPRODUCT((Q510:T510/Q$9:T$9)^Q$7:T$7*Q$4:T$4))*AE$9} -> 3.6530538 | AF510: {=(SUMPRODUCT((H510:O510/H$9:O$9)^H$7:O$7*H$5:O$5)+SUMPRODUCT((Q510:T510/Q$9:T$9)^Q$7:T$7*Q$5:T$5))*AF$9} -> 4.3589788 | AG510: {=SUMPRODUCT(AC510:AF510 * AC$3:AF$3) / SUM(AC$3:AF$3)} -> 4.1341934
A511: Zotac Gaming GeForce RTX 5080 SOLID, 16GB GDDR7, HDMI, 3x DP | B511: ZT-B50800D-10P | C511: NVIDIA | D511: =LEFT(AB511, FIND(" ", AB511 & " ") - 1) -> Zotac | E511: RTX 5000 | F511: 5080 16GB | G511: 1 | H511: 56.28 | I511: 56.28 | J511: 0.88 | K511: 1875 | L511: 2617 | M511: 440.1 | N511: 880.3 | O511: 384 | P511: GDDR7 | Q511: 16 | R511: 256 | S511: 30 | T511: 360 | U511: 1x 12V-2x6 (via Adapter: 3x 8-Pin PCIe) | V511: 5 | W511: 16 | X511: 16 | Y511: 1489.99 | Z511: 1550 | AA511: https://geizhals.eu/zotac-gaming-geforce-rtx-5080-solid-zt-b50800d-10p-a3382481.html?hloc=at&hloc=de&hloc=eu&hloc=pl&hloc=uk | AB511: Zotac Gaming GeForce RTX 5080 SOLID, 16GB GDDR7, HDMI, 3x DP | AC511: {=(SUMPRODUCT((H511:O511/H$9:O$9)^H$7:O$7*H$2:O$2)+SUMPRODUCT((Q511:T511/Q$9:T$9)^Q$7:T$7*Q$2:T$2))*(0.8^(1-G511))*AC$9} -> 4.2163435 | AD511: {=(SUMPRODUCT((H511:O511/H$9:O$9)^H$7:O$7*H$3:O$3)+SUMPRODUCT((Q511:T511/Q$9:T$9)^Q$7:T$7*Q$3:T$3))*(0.1^(1-G511))*AD$9} -> 4.1295856 | AE511: {=(SUMPRODUCT((H511:O511/H$9:O$9)^H$7:O$7*H$4:O$4)+SUMPRODUCT((Q511:T511/Q$9:T$9)^Q$7:T$7*Q$4:T$4))*AE$9} -> 3.6504196 | AF511: {=(SUMPRODUCT((H511:O511/H$9:O$9)^H$7:O$7*H$5:O$5)+SUMPRODUCT((Q511:T511/Q$9:T$9)^Q$7:T$7*Q$5:T$5))*AF$9} -> 4.3543238 | AG511: {=SUMPRODUCT(AC511:AF511 * AC$3:AF$3) / SUM(AC$3:AF$3)} -> 4.128261
...

Sheet CPUs
A1: CPU Specification Weights per Task | G1: Cores | H1: Threads | I1: Base Clock | J1: Turbo Clock | N1: L2 Cache | O1: L3 Cache | P1: Power | S1: Max Data Rate | T1: Channels | AE1: Task
A2: Gaming | G2: 0.15 | H2: 0.1 | I2: 0.2 | J2: 0.25 | N2: 0.05 | O2: 0.1 | P2: 0.1 | S2: 0.05 | T2: 0 | AE2: Gaming | AF2: ML/AI | AG2: HPC | AH2: 3D Rendering
A3: ML/AI | G3: 0.2 | H3: 0.2 | I3: 0.1 | J3: 0.1 | N3: 0.1 | O3: 0.15 | P3: 0.05 | S3: 0.05 | T3: 0.05 | AE3: 3 | AF3: 5 | AG3: 2 | AH3: 3
A4: HPC | G4: 0.25 | H4: 0.25 | I4: 0.05 | J4: 0.05 | N4: 0.1 | O4: 0.15 | P4: 0.05 | S4: 0.05 | T4: 0.05
A5: 3D Rendering | G5: 0.2 | H5: 0.2 | I5: 0.1 | J5: 0.1 | N5: 0.1 | O5: 0.15 | P5: 0.05 | S5: 0.05 | T5: 0.05
A7: Scaling Factor | G7: 0.9 | H7: 0.85 | I7: 1 | J7: 1 | N7: 0.8 | O7: 0.8 | P7: -0.5 | S7: 0.7 | T7: 1
A8: CPU | B8: Code | C8: Brand | D8: Model | E8: Type | F8: Series | G8: Cores | H8: Threads | I8: Base Clock | J8: Turbo Clock | K8: CPU Socket | L8: Chipset Compatibility | M8: Architecture | N8: L2 Cache | O8: L3 Cache | P8: Power | Q8: RAM Type | R8: Max Capacity | S8: Max Data Rate | T8: Channels | U8: Direct PCIe Version | V8: Direct Lanes | W8: Interface PCIe Version | X8: Interface Lanes | Y8: Price Min | Z8: Price Max | AA8: Link | AB8: Product | AC8: Packaging | AD8: Cooler | AE8: Gaming Score | AF8: ML/AI Score | AG8: HPC Score | AH8: 3D Rendering Score | AI8: Task Score
A9: AMD Ryzen 3 5000 | C9: AMD | E9: Ryzen 3 | F9: 5000 | G9: =AVERAGEIF('CPUs Products'!D$9:D$131,A9,'CPUs Products'!G$9:G$131) -> 4 | H9: =AVERAGEIF('CPUs Products'!D$9:D$131,A9,'CPUs Products'!H$9:H$131) -> 8 | I9: =AVERAGEIF('CPUs Products'!D$9:D$131,A9,'CPUs Products'!I$9:I$131) -> 4 | J9: =AVERAGEIF('CPUs Products'!D$9:D$131,A9,'CPUs Products'!J$9:J$131) -> 4.2 | K9: AMD AM4 | L9: A520, B550, X300, X570 | M9: Zen 3 | N9: =AVERAGEIF('CPUs Products'!D$9:D$131,A9,'CPUs Products'!N$9:N$131) -> 2 | O9: =AVERAGEIF('CPUs Products'!D$9:D$131,A9,'CPUs Products'!O$9:O$131) -> 8 | P9: =AVERAGEIF('CPUs Products'!D$9:D$131,A9,'CPUs Products'!P$9:P$131) -> 65 | Q9: DDR4 | R9: =_xlfn.MAXIFS('CPUs Products'!R$9:R$131,'CPUs Products'!D$9:D$131,A9) -> 128 | S9: =_xlfn.MAXIFS('CPUs Products'!S$9:S$131,'CPUs Products'!D$9:D$131,A9) -> 3200 | T9: =AVERAGEIF('CPUs Products'!D$9:D$131,A9,'CPUs Products'!T$9:T$131) -> 2 | U9: 3 | V9: 24 | W9: 3 | X9: 4 | Y9: =AVERAGEIF('CPUs Products'!D$9:D$131,A9,'CPUs Products'!Y$9:Y$131) -> 119.895 | Z9: =AVERAGEIF('CPUs Products'!D$9:D$131,A9,'CPUs Products'!Z$9:Z$131) -> 209.5 | AE9: 1 | AF9: 1 | AG9: 1 | AH9: 1 | AI9: {=SUMPRODUCT(AE9:AH9 * AE$3:AH$3) / SUM(AE$3:AH$3)} -> 1
A10: AMD Ryzen 5 5000 | C10: AMD | E10: Ryzen 5 | F10: 5000 | G10: =AVERAGEIF('CPUs Products'!D$9:D$131,A10,'CPUs Products'!G$9:G$131) -> 6 | H10: =AVERAGEIF('CPUs Products'!D$9:D$131,A10,'CPUs Products'!H$9:H$131) -> 12 | I10: =AVERAGEIF('CPUs Products'!D$9:D$131,A10,'CPUs Products'!I$9:I$131) -> 3.6666667 | J10: =AVERAGEIF('CPUs Products'!D$9:D$131,A10,'CPUs Products'!J$9:J$131) -> 4.4666667 | K10: AMD AM4 | L10: A520, B550, X300, X570 | M10: Zen 3 | N10: =AVERAGEIF('CPUs Products'!D$9:D$131,A10,'CPUs Products'!N$9:N$131) -> 3 | O10: =AVERAGEIF('CPUs Products'!D$9:D$131,A10,'CPUs Products'!O$9:O$131) -> 23.111111 | P10: =AVERAGEIF('CPUs Products'!D$9:D$131,A10,'CPUs Products'!P$9:P$131) -> 65 | Q10: DDR4 | R10: =_xlfn.MAXIFS('CPUs Products'!R$9:R$131,'CPUs Products'!D$9:D$131,A10) -> 128 | S10: =_xlfn.MAXIFS('CPUs Products'!S$9:S$131,'CPUs Products'!D$9:D$131,A10) -> 3200 | T10: =AVERAGEIF('CPUs Products'!D$9:D$131,A10,'CPUs Products'!T$9:T$131) -> 2 | U10: 3 | V10: 24 | W10: 3 | X10: 4 | Y10: =AVERAGEIF('CPUs Products'!D$9:D$131,A10,'CPUs Products'!Y$9:Y$131) -> 124.60778 | Z10: =AVERAGEIF('CPUs Products'!D$9:D$131,A10,'CPUs Products'!Z$9:Z$131) -> 382.85333 | AE10: {=(SUMPRODUCT((G10:J10/G$9:J$9)^G$7:J$7 * G$2:J$2) + SUMPRODUCT((N10:P10/N$9:P$9)^N$7:P$7 * N$2:P$2) + SUMPRODUCT((S10:T10/S$9:T$9)^S$7:T$7 * S$2:T$2)) * AE$9} -> 1.259233 | AF10: {=(SUMPRODUCT((G10:J10/G$9:J$9)^G$7:J$7 * G$3:J$3) + SUMPRODUCT((N10:P10/N$9:P$9)^N$7:P$7 * N$3:P$3) + SUMPRODUCT((S10:T10/S$9:T$9)^S$7:T$7 * S$3:T$3)) * AF$9} -> 1.4071995 | AG10: {=(SUMPRODUCT((G10:J10/G$9:J$9)^G$7:J$7 * G$4:J$4) + SUMPRODUCT((N10:P10/N$9:P$9)^N$7:P$7 * N$4:P$4) + SUMPRODUCT((S10:T10/S$9:T$9)^S$7:T$7 * S$4:T$4)) * AF$9} -> 1.4507859 | AH10: {=(SUMPRODUCT((G10:J10/G$9:J$9)^G$7:J$7 * G$5:J$5) + SUMPRODUCT((N10:P10/N$9:P$9)^N$7:P$7 * N$5:P$5) + SUMPRODUCT((S10:T10/S$9:T$9)^S$7:T$7 * S$5:T$5)) * AF$9} -> 1.4071995 | AI10: {=SUMPRODUCT(AE10:AH10 * AE$3:AH$3) / SUM(AE$3:AH$3)} -> 1.379759
A11: AMD Ryzen 7 5000 | C11: AMD | E11: Ryzen 7 | F11: 5000 | G11: =AVERAGEIF('CPUs Products'!D$9:D$131,A11,'CPUs Products'!G$9:G$131) -> 8 | H11: =AVERAGEIF('CPUs Products'!D$9:D$131,A11,'CPUs Products'!H$9:H$131) -> 16 | I11: =AVERAGEIF('CPUs Products'!D$9:D$131,A11,'CPUs Products'!I$9:I$131) -> 3.5285714 | J11: =AVERAGEIF('CPUs Products'!D$9:D$131,A11,'CPUs Products'!J$9:J$131) -> 4.5714286 | K11: AMD AM4 | L11: A520, B550, X300, X570 | M11: Zen 3 | N11: =AVERAGEIF('CPUs Products'!D$9:D$131,A11,'CPUs Products'!N$9:N$131) -> 4 | O11: =AVERAGEIF('CPUs Products'!D$9:D$131,A11,'CPUs Products'!O$9:O$131) -> 34.285714 | P11: =AVERAGEIF('CPUs Products'!D$9:D$131,A11,'CPUs Products'!P$9:P$131) -> 77.857143 | Q11: DDR4 | R11: =_xlfn.MAXIFS('CPUs Products'!R$9:R$131,'CPUs Products'!D$9:D$131,A11) -> 128 | S11: =_xlfn.MAXIFS('CPUs Products'!S$9:S$131,'CPUs Products'!D$9:D$131,A11) -> 3200 | T11: =AVERAGEIF('CPUs Products'!D$9:D$131,A11,'CPUs Products'!T$9:T$131) -> 2 | U11: 3 | V11: 24 | W11: 3 | X11: 4 | Y11: =AVERAGEIF('CPUs Products'!D$9:D$131,A11,'CPUs Products'!Y$9:Y$131) -> 208.34286 | Z11: =AVERAGEIF('CPUs Products'!D$9:D$131,A11,'CPUs Products'!Z$9:Z$131) -> 692.98714 | AE11: {=(SUMPRODUCT((G11:J11/G$9:J$9)^G$7:J$7 * G$2:J$2) + SUMPRODUCT((N11:P11/N$9:P$9)^N$7:P$7 * N$2:P$2) + SUMPRODUCT((S11:T11/S$9:T$9)^S$7:T$7 * S$2:T$2)) * AE$9} -> 1.4574687 | AF11: {=(SUMPRODUCT((G11:J11/G$9:J$9)^G$7:J$7 * G$3:J$3) + SUMPRODUCT((N11:P11/N$9:P$9)^N$7:P$7 * N$3:P$3) + SUMPRODUCT((S11:T11/S$9:T$9)^S$7:T$7 * S$3:T$3)) * AF$9} -> 1.7310849 | AG11: {=(SUMPRODUCT((G11:J11/G$9:J$9)^G$7:J$7 * G$4:J$4) + SUMPRODUCT((N11:P11/N$9:P$9)^N$7:P$7 * N$4:P$4) + SUMPRODUCT((S11:T11/S$9:T$9)^S$7:T$7 * S$4:T$4)) * AF$9} -> 1.8159843 | AH11: {=(SUMPRODUCT((G11:J11/G$9:J$9)^G$7:J$7 * G$5:J$5) + SUMPRODUCT((N11:P11/N$9:P$9)^N$7:P$7 * N$5:P$5) + SUMPRODUCT((S11:T11/S$9:T$9)^S$7:T$7 * S$5:T$5)) * AF$9} -> 1.7310849 | AI11: {=SUMPRODUCT(AE11:AH11 * AE$3:AH$3) / SUM(AE$3:AH$3)} -> 1.6810042
A12: AMD Ryzen 9 5000 | C12: AMD | E12: Ryzen 9 | F12: 5000 | G12: =AVERAGEIF('CPUs Products'!D$9:D$131,A12,'CPUs Products'!G$9:G$131) -> 14.666667 | H12: =AVERAGEIF('CPUs Products'!D$9:D$131,A12,'CPUs Products'!H$9:H$131) -> 29.333333 | I12: =AVERAGEIF('CPUs Products'!D$9:D$131,A12,'CPUs Products'!I$9:I$131) -> 3.4666667 | J12: =AVERAGEIF('CPUs Products'!D$9:D$131,A12,'CPUs Products'!J$9:J$131) -> 4.8333333 | K12: AMD AM4 | L12: A520, B550, X300, X570 | M12: Zen 3 | N12: =AVERAGEIF('CPUs Products'!D$9:D$131,A12,'CPUs Products'!N$9:N$131) -> 7.3333333 | O12: =AVERAGEIF('CPUs Products'!D$9:D$131,A12,'CPUs Products'!O$9:O$131) -> 64 | P12: =AVERAGEIF('CPUs Products'!D$9:D$131,A12,'CPUs Products'!P$9:P$131) -> 105 | Q12: DDR4 | R12: =_xlfn.MAXIFS('CPUs Products'!R$9:R$131,'CPUs Products'!D$9:D$131,A12) -> 128 | S12: =_xlfn.MAXIFS('CPUs Products'!S$9:S$131,'CPUs Products'!D$9:D$131,A12) -> 3200 | T12: =AVERAGEIF('CPUs Products'!D$9:D$131,A12,'CPUs Products'!T$9:T$131) -> 2 | U12: 4 | V12: 24 | W12: 4 | X12: 4 | Y12: =AVERAGEIF('CPUs Products'!D$9:D$131,A12,'CPUs Products'!Y$9:Y$131) -> 299.27333 | Z12: =AVERAGEIF('CPUs Products'!D$9:D$131,A12,'CPUs Products'!Z$9:Z$131) -> 1005.6567 | AE12: {=(SUMPRODUCT((G12:J12/G$9:J$9)^G$7:J$7 * G$2:J$2) + SUMPRODUCT((N12:P12/N$9:P$9)^N$7:P$7 * N$2:P$2) + SUMPRODUCT((S12:T12/S$9:T$9)^S$7:T$7 * S$2:T$2)) * AE$9} -> 2.0436198 | AF12: {=(SUMPRODUCT((G12:J12/G$9:J$9)^G$7:J$7 * G$3:J$3) + SUMPRODUCT((N12:P12/N$9:P$9)^N$7:P$7 * N$3:P$3) + SUMPRODUCT((S12:T12/S$9:T$9)^S$7:T$7 * S$3:T$3)) * AF$9} -> 2.6630098 | AG12: {=(SUMPRODUCT((G12:J12/G$9:J$9)^G$7:J$7 * G$4:J$4) + SUMPRODUCT((N12:P12/N$9:P$9)^N$7:P$7 * N$4:P$4) + SUMPRODUCT((S12:T12/S$9:T$9)^S$7:T$7 * S$4:T$4)) * AF$9} -> 2.8740018 | AH12: {=(SUMPRODUCT((G12:J12/G$9:J$9)^G$7:J$7 * G$5:J$5) + SUMPRODUCT((N12:P12/N$9:P$9)^N$7:P$7 * N$5:P$5) + SUMPRODUCT((S12:T12/S$9:T$9)^S$7:T$7 * S$5:T$5)) * AF$9} -> 2.6630098 | AI12: {=SUMPRODUCT(AE12:AH12 * AE$3:AH$3) / SUM(AE$3:AH$3)} -> 2.552534
A13: AMD Ryzen 5 7000 | C13: AMD | E13: Ryzen 5 | F13: 7000 | G13: =AVERAGEIF('CPUs Products'!D$9:D$131,A13,'CPUs Products'!G$9:G$131) -> 6 | H13: =AVERAGEIF('CPUs Products'!D$9:D$131,A13,'CPUs Products'!H$9:H$131) -> 12 | I13: =AVERAGEIF('CPUs Products'!D$9:D$131,A13,'CPUs Products'!I$9:I$131) -> 4.02 | J13: =AVERAGEIF('CPUs Products'!D$9:D$131,A13,'CPUs Products'!J$9:J$131) -> 5.04 | K13: AMD AM5 | L13: A620, B650, B650E, B840, B850, X670, X670E, X870, X870E | M13: Zen 4 | N13: =AVERAGEIF('CPUs Products'!D$9:D$131,A13,'CPUs Products'!N$9:N$131) -> 6 | O13: =AVERAGEIF('CPUs Products'!D$9:D$131,A13,'CPUs Products'!O$9:O$131) -> 44.8 | P13: =AVERAGEIF('CPUs Products'!D$9:D$131,A13,'CPUs Products'!P$9:P$131) -> 73 | Q13: DDR5 | R13: =_xlfn.MAXIFS('CPUs Products'!R$9:R$131,'CPUs Products'!D$9:D$131,A13) -> 192 | S13: =_xlfn.MAXIFS('CPUs Products'!S$9:S$131,'CPUs Products'!D$9:D$131,A13) -> 5200 | T13: =AVERAGEIF('CPUs Products'!D$9:D$131,A13,'CPUs Products'!T$9:T$131) -> 2 | U13: 5 | V13: 28 | W13: 4 | X13: 4 | Y13: =AVERAGEIF('CPUs Products'!D$9:D$131,A13,'CPUs Products'!Y$9:Y$131) -> 224.768 | Z13: =AVERAGEIF('CPUs Products'!D$9:D$131,A13,'CPUs Products'!Z$9:Z$131) -> 940.744 | AE13: {=(SUMPRODUCT((G13:J13/G$9:J$9)^G$7:J$7 * G$2:J$2) + SUMPRODUCT((N13:P13/N$9:P$9)^N$7:P$7 * N$2:P$2) + SUMPRODUCT((S13:T13/S$9:T$9)^S$7:T$7 * S$2:T$2)) * AE$9} -> 1.5399991 | AF13: {=(SUMPRODUCT((G13:J13/G$9:J$9)^G$7:J$7 * G$3:J$3) + SUMPRODUCT((N13:P13/N$9:P$9)^N$7:P$7 * N$3:P$3) + SUMPRODUCT((S13:T13/S$9:T$9)^S$7:T$7 * S$3:T$3)) * AF$9} -> 1.7942886 | AG13: {=(SUMPRODUCT((G13:J13/G$9:J$9)^G$7:J$7 * G$4:J$4) + SUMPRODUCT((N13:P13/N$9:P$9)^N$7:P$7 * N$4:P$4) + SUMPRODUCT((S13:T13/S$9:T$9)^S$7:T$7 * S$4:T$4)) * AF$9} -> 1.8266329 | AH13: {=(SUMPRODUCT((G13:J13/G$9:J$9)^G$7:J$7 * G$5:J$5) + SUMPRODUCT((N13:P13/N$9:P$9)^N$7:P$7 * N$5:P$5) + SUMPRODUCT((S13:T13/S$9:T$9)^S$7:T$7 * S$5:T$5)) * AF$9} -> 1.7942886 | AI13: {=SUMPRODUCT(AE13:AH13 * AE$3:AH$3) / SUM(AE$3:AH$3)} -> 1.7405824
A14: AMD Ryzen 7 7000 | C14: AMD | E14: Ryzen 7 | F14: 7000 | G14: =AVERAGEIF('CPUs Products'!D$9:D$131,A14,'CPUs Products'!G$9:G$131) -> 8 | H14: =AVERAGEIF('CPUs Products'!D$9:D$131,A14,'CPUs Products'!H$9:H$131) -> 16 | I14: =AVERAGEIF('CPUs Products'!D$9:D$131,A14,'CPUs Products'!I$9:I$131) -> 4.1666667 | J14: =AVERAGEIF('CPUs Products'!D$9:D$131,A14,'CPUs Products'!J$9:J$131) -> 5.2333333 | K14: AMD AM5 | L14: A620, B650, B650E, B840, B850, X670, X670E, X870, X870E | M14: Zen 4 | N14: =AVERAGEIF('CPUs Products'!D$9:D$131,A14,'CPUs Products'!N$9:N$131) -> 8 | O14: =AVERAGEIF('CPUs Products'!D$9:D$131,A14,'CPUs Products'!O$9:O$131) -> 53.333333 | P14: =AVERAGEIF('CPUs Products'!D$9:D$131,A14,'CPUs Products'!P$9:P$131) -> 96.666667 | Q14: DDR5 | R14: =_xlfn.MAXIFS('CPUs Products'!R$9:R$131,'CPUs Products'!D$9:D$131,A14) -> 192 | S14: =_xlfn.MAXIFS('CPUs Products'!S$9:S$131,'CPUs Products'!D$9:D$131,A14) -> 5200 | T14: =AVERAGEIF('CPUs Products'!D$9:D$131,A14,'CPUs Products'!T$9:T$131) -> 2 | U14: 5 | V14: 28 | W14: 4 | X14: 4 | Y14: =AVERAGEIF('CPUs Products'!D$9:D$131,A14,'CPUs Products'!Y$9:Y$131) -> 361.22 | Z14: =AVERAGEIF('CPUs Products'!D$9:D$131,A14,'CPUs Products'!Z$9:Z$131) -> 1090.8567 | AE14: {=(SUMPRODUCT((G14:J14/G$9:J$9)^G$7:J$7 * G$2:J$2) + SUMPRODUCT((N14:P14/N$9:P$9)^N$7:P$7 * N$2:P$2) + SUMPRODUCT((S14:T14/S$9:T$9)^S$7:T$7 * S$2:T$2)) * AE$9} -> 1.7399813 | AF14: {=(SUMPRODUCT((G14:J14/G$9:J$9)^G$7:J$7 * G$3:J$3) + SUMPRODUCT((N14:P14/N$9:P$9)^N$7:P$7 * N$3:P$3) + SUMPRODUCT((S14:T14/S$9:T$9)^S$7:T$7 * S$3:T$3)) * AF$9} -> 2.1111196 | AG14: {=(SUMPRODUCT((G14:J14/G$9:J$9)^G$7:J$7 * G$4:J$4) + SUMPRODUCT((N14:P14/N$9:P$9)^N$7:P$7 * N$4:P$4) + SUMPRODUCT((S14:T14/S$9:T$9)^S$7:T$7 * S$4:T$4)) * AF$9} -> 2.180163 | AH14: {=(SUMPRODUCT((G14:J14/G$9:J$9)^G$7:J$7 * G$5:J$5) + SUMPRODUCT((N14:P14/N$9:P$9)^N$7:P$7 * N$5:P$5) + SUMPRODUCT((S14:T14/S$9:T$9)^S$7:T$7 * S$5:T$5)) * AF$9} -> 2.1111196 | AI14: {=SUMPRODUCT(AE14:AH14 * AE$3:AH$3) / SUM(AE$3:AH$3)} -> 2.0360944
A15: AMD Ryzen 9 7000 | C15: AMD | E15: Ryzen 9 | F15: 7000 | G15: =AVERAGEIF('CPUs Products'!D$9:D$131,A15,'CPUs Products'!G$9:G$131) -> 13.333333 | H15: =AVERAGEIF('CPUs Products'!D$9:D$131,A15,'CPUs Products'!H$9:H$131) -> 26.666667 | I15: =AVERAGEIF('CPUs Products'!D$9:D$131,A15,'CPUs Products'!I$9:I$131) -> 4.2 | J15: =AVERAGEIF('CPUs Products'!D$9:D$131,A15,'CPUs Products'!J$9:J$131) -> 5.5666667 | K15: AMD AM5 | L15: A620, B650, B650E, B840, B850, X670, X670E, X870, X870E | M15: Zen 4 | N15: =AVERAGEIF('CPUs Products'!D$9:D$131,A15,'CPUs Products'!N$9:N$131) -> 13.333333 | O15: =AVERAGEIF('CPUs Products'!D$9:D$131,A15,'CPUs Products'!O$9:O$131) -> 85.333333 | P15: =AVERAGEIF('CPUs Products'!D$9:D$131,A15,'CPUs Products'!P$9:P$131) -> 118.33333 | Q15: DDR5 | R15: =_xlfn.MAXIFS('CPUs Products'!R$9:R$131,'CPUs Products'!D$9:D$131,A15) -> 192 | S15: =_xlfn.MAXIFS('CPUs Products'!S$9:S$131,'CPUs Products'!D$9:D$131,A15) -> 5200 | T15: =AVERAGEIF('CPUs Products'!D$9:D$131,A15,'CPUs Products'!T$9:T$131) -> 2 | U15: 5 | V15: 28 | W15: 4 | X15: 4 | Y15: =AVERAGEIF('CPUs Products'!D$9:D$131,A15,'CPUs Products'!Y$9:Y$131) -> 509.72167 | Z15: =AVERAGEIF('CPUs Products'!D$9:D$131,A15,'CPUs Products'!Z$9:Z$131) -> 1695.025 | AE15: {=(SUMPRODUCT((G15:J15/G$9:J$9)^G$7:J$7 * G$2:J$2) + SUMPRODUCT((N15:P15/N$9:P$9)^N$7:P$7 * N$2:P$2) + SUMPRODUCT((S15:T15/S$9:T$9)^S$7:T$7 * S$2:T$2)) * AE$9} -> 2.2997175 | AF15: {=(SUMPRODUCT((G15:J15/G$9:J$9)^G$7:J$7 * G$3:J$3) + SUMPRODUCT((N15:P15/N$9:P$9)^N$7:P$7 * N$3:P$3) + SUMPRODUCT((S15:T15/S$9:T$9)^S$7:T$7 * S$3:T$3)) * AF$9} -> 2.9951497 | AG15: {=(SUMPRODUCT((G15:J15/G$9:J$9)^G$7:J$7 * G$4:J$4) + SUMPRODUCT((N15:P15/N$9:P$9)^N$7:P$7 * N$4:P$4) + SUMPRODUCT((S15:T15/S$9:T$9)^S$7:T$7 * S$4:T$4)) * AF$9} -> 3.16327 | AH15: {=(SUMPRODUCT((G15:J15/G$9:J$9)^G$7:J$7 * G$5:J$5) + SUMPRODUCT((N15:P15/N$9:P$9)^N$7:P$7 * N$5:P$5) + SUMPRODUCT((S15:T15/S$9:T$9)^S$7:T$7 * S$5:T$5)) * AF$9} -> 2.9951497 | AI15: {=SUMPRODUCT(AE15:AH15 * AE$3:AH$3) / SUM(AE$3:AH$3)} -> 2.86053
A16: AMD Ryzen 5 9000 | C16: AMD | E16: Ryzen 5 | F16: 9000 | G16: =AVERAGEIF('CPUs Products'!D$9:D$131,A16,'CPUs Products'!G$9:G$131) -> 6 | H16: =AVERAGEIF('CPUs Products'!D$9:D$131,A16,'CPUs Products'!H$9:H$131) -> 12 | I16: =AVERAGEIF('CPUs Products'!D$9:D$131,A16,'CPUs Products'!I$9:I$131) -> 3.85 | J16: =AVERAGEIF('CPUs Products'!D$9:D$131,A16,'CPUs Products'!J$9:J$131) -> 5.3 | K16: AMD AM5 | L16: A620, B650, B650E, B840, B850, X670, X670E, X870, X870E | M16: Zen 5 | N16: =AVERAGEIF('CPUs Products'!D$9:D$131,A16,'CPUs Products'!N$9:N$131) -> 6 | O16: =AVERAGEIF('CPUs Products'!D$9:D$131,A16,'CPUs Products'!O$9:O$131) -> 32 | P16: =AVERAGEIF('CPUs Products'!D$9:D$131,A16,'CPUs Products'!P$9:P$131) -> 65 | Q16: DDR5 | R16: =_xlfn.MAXIFS('CPUs Products'!R$9:R$131,'CPUs Products'!D$9:D$131,A16) -> 192 | S16: =_xlfn.MAXIFS('CPUs Products'!S$9:S$131,'CPUs Products'!D$9:D$131,A16) -> 5600 | T16: =AVERAGEIF('CPUs Products'!D$9:D$131,A16,'CPUs Products'!T$9:T$131) -> 2 | U16: 5 | V16: 28 | W16: 4 | X16: 4 | Y16: =AVERAGEIF('CPUs Products'!D$9:D$131,A16,'CPUs Products'!Y$9:Y$131) -> 253.3 | Z16: =AVERAGEIF('CPUs Products'!D$9:D$131,A16,'CPUs Products'!Z$9:Z$131) -> 691.585 | AE16: {=(SUMPRODUCT((G16:J16/G$9:J$9)^G$7:J$7 * G$2:J$2) + SUMPRODUCT((N16:P16/N$9:P$9)^N$7:P$7 * N$2:P$2) + SUMPRODUCT((S16:T16/S$9:T$9)^S$7:T$7 * S$2:T$2)) * AE$9} -> 1.4627162 | AF16: {=(SUMPRODUCT((G16:J16/G$9:J$9)^G$7:J$7 * G$3:J$3) + SUMPRODUCT((N16:P16/N$9:P$9)^N$7:P$7 * N$3:P$3) + SUMPRODUCT((S16:T16/S$9:T$9)^S$7:T$7 * S$3:T$3)) * AF$9} -> 1.6623321 | AG16: {=(SUMPRODUCT((G16:J16/G$9:J$9)^G$7:J$7 * G$4:J$4) + SUMPRODUCT((N16:P16/N$9:P$9)^N$7:P$7 * N$4:P$4) + SUMPRODUCT((S16:T16/S$9:T$9)^S$7:T$7 * S$4:T$4)) * AF$9} -> 1.6937062 | AH16: {=(SUMPRODUCT((G16:J16/G$9:J$9)^G$7:J$7 * G$5:J$5) + SUMPRODUCT((N16:P16/N$9:P$9)^N$7:P$7 * N$5:P$5) + SUMPRODUCT((S16:T16/S$9:T$9)^S$7:T$7 * S$5:T$5)) * AF$9} -> 1.6623321 | AI16: {=SUMPRODUCT(AE16:AH16 * AE$3:AH$3) / SUM(AE$3:AH$3)} -> 1.6210937
A17: AMD Ryzen 7 9000 | C17: AMD | E17: Ryzen 7 | F17: 9000 | G17: =AVERAGEIF('CPUs Products'!D$9:D$131,A17,'CPUs Products'!G$9:G$131) -> 8 | H17: =AVERAGEIF('CPUs Products'!D$9:D$131,A17,'CPUs Products'!H$9:H$131) -> 16 | I17: =AVERAGEIF('CPUs Products'!D$9:D$131,A17,'CPUs Products'!I$9:I$131) -> 4.25 | J17: =AVERAGEIF('CPUs Products'!D$9:D$131,A17,'CPUs Products'!J$9:J$131) -> 5.35 | K17: AMD AM5 | L17: A620, B650, B650E, B840, B850, X670, X670E, X870, X870E | M17: Zen 5 | N17: =AVERAGEIF('CPUs Products'!D$9:D$131,A17,'CPUs Products'!N$9:N$131) -> 8 | O17: =AVERAGEIF('CPUs Products'!D$9:D$131,A17,'CPUs Products'!O$9:O$131) -> 64 | P17: =AVERAGEIF('CPUs Products'!D$9:D$131,A17,'CPUs Products'!P$9:P$131) -> 92.5 | Q17: DDR5 | R17: =_xlfn.MAXIFS('CPUs Products'!R$9:R$131,'CPUs Products'!D$9:D$131,A17) -> 192 | S17: =_xlfn.MAXIFS('CPUs Products'!S$9:S$131,'CPUs Products'!D$9:D$131,A17) -> 5600 | T17: =AVERAGEIF('CPUs Products'!D$9:D$131,A17,'CPUs Products'!T$9:T$131) -> 2 | U17: 5 | V17: 28 | W17: 4 | X17: 4 | Y17: =AVERAGEIF('CPUs Products'!D$9:D$131,A17,'CPUs Products'!Y$9:Y$131) -> 438.995 | Z17: =AVERAGEIF('CPUs Products'!D$9:D$131,A17,'CPUs Products'!Z$9:Z$131) -> 648 | AE17: {=(SUMPRODUCT((G17:J17/G$9:J$9)^G$7:J$7 * G$2:J$2) + SUMPRODUCT((N17:P17/N$9:P$9)^N$7:P$7 * N$2:P$2) + SUMPRODUCT((S17:T17/S$9:T$9)^S$7:T$7 * S$2:T$2)) * AE$9} -> 1.8282915 | AF17: {=(SUMPRODUCT((G17:J17/G$9:J$9)^G$7:J$7 * G$3:J$3) + SUMPRODUCT((N17:P17/N$9:P$9)^N$7:P$7 * N$3:P$3) + SUMPRODUCT((S17:T17/S$9:T$9)^S$7:T$7 * S$3:T$3)) * AF$9} -> 2.2280831 | AG17: {=(SUMPRODUCT((G17:J17/G$9:J$9)^G$7:J$7 * G$4:J$4) + SUMPRODUCT((N17:P17/N$9:P$9)^N$7:P$7 * N$4:P$4) + SUMPRODUCT((S17:T17/S$9:T$9)^S$7:T$7 * S$4:T$4)) * AF$9} -> 2.2946959 | AH17: {=(SUMPRODUCT((G17:J17/G$9:J$9)^G$7:J$7 * G$5:J$5) + SUMPRODUCT((N17:P17/N$9:P$9)^N$7:P$7 * N$5:P$5) + SUMPRODUCT((S17:T17/S$9:T$9)^S$7:T$7 * S$5:T$5)) * AF$9} -> 2.2280831 | AI17: {=SUMPRODUCT(AE17:AH17 * AE$3:AH$3) / SUM(AE$3:AH$3)} -> 2.1460716
A18: AMD Ryzen 9 9000 | C18: AMD | E18: Ryzen 9 | F18: 9000 | G18: =AVERAGEIF('CPUs Products'!D$9:D$131,A18,'CPUs Products'!G$9:G$131) -> 14 | H18: =AVERAGEIF('CPUs Products'!D$9:D$131,A18,'CPUs Products'!H$9:H$131) -> 28 | I18: =AVERAGEIF('CPUs Products'!D$9:D$131,A18,'CPUs Products'!I$9:I$131) -> 4.35 | J18: =AVERAGEIF('CPUs Products'!D$9:D$131,A18,'CPUs Products'!J$9:J$131) -> 5.65 | K18: AMD AM5 | L18: A620, B650, B650E, B840, B850, X670, X670E, X870, X870E | M18: Zen 5 | N18: =AVERAGEIF('CPUs Products'!D$9:D$131,A18,'CPUs Products'!N$9:N$131) -> 14 | O18: =AVERAGEIF('CPUs Products'!D$9:D$131,A18,'CPUs Products'!O$9:O$131) -> 64 | P18: =AVERAGEIF('CPUs Products'!D$9:D$131,A18,'CPUs Products'!P$9:P$131) -> 145 | Q18: DDR5 | R18: =_xlfn.MAXIFS('CPUs Products'!R$9:R$131,'CPUs Products'!D$9:D$131,A18) -> 192 | S18: =_xlfn.MAXIFS('CPUs Products'!S$9:S$131,'CPUs Products'!D$9:D$131,A18) -> 5600 | T18: =AVERAGEIF('CPUs Products'!D$9:D$131,A18,'CPUs Products'!T$9:T$131) -> 2 | U18: 5 | V18: 28 | W18: 4 | X18: 4 | Y18: =AVERAGEIF('CPUs Products'!D$9:D$131,A18,'CPUs Products'!Y$9:Y$131) -> 542.685 | Z18: =AVERAGEIF('CPUs Products'!D$9:D$131,A18,'CPUs Products'!Z$9:Z$131) -> 1473.74 | AE18: {=(SUMPRODUCT((G18:J18/G$9:J$9)^G$7:J$7 * G$2:J$2) + SUMPRODUCT((N18:P18/N$9:P$9)^N$7:P$7 * N$2:P$2) + SUMPRODUCT((S18:T18/S$9:T$9)^S$7:T$7 * S$2:T$2)) * AE$9} -> 2.2129297 | AF18: {=(SUMPRODUCT((G18:J18/G$9:J$9)^G$7:J$7 * G$3:J$3) + SUMPRODUCT((N18:P18/N$9:P$9)^N$7:P$7 * N$3:P$3) + SUMPRODUCT((S18:T18/S$9:T$9)^S$7:T$7 * S$3:T$3)) * AF$9} -> 2.864417 | AG18: {=(SUMPRODUCT((G18:J18/G$9:J$9)^G$7:J$7 * G$4:J$4) + SUMPRODUCT((N18:P18/N$9:P$9)^N$7:P$7 * N$4:P$4) + SUMPRODUCT((S18:T18/S$9:T$9)^S$7:T$7 * S$4:T$4)) * AF$9} -> 3.0421943 | AH18: {=(SUMPRODUCT((G18:J18/G$9:J$9)^G$7:J$7 * G$5:J$5) + SUMPRODUCT((N18:P18/N$9:P$9)^N$7:P$7 * N$5:P$5) + SUMPRODUCT((S18:T18/S$9:T$9)^S$7:T$7 * S$5:T$5)) * AF$9} -> 2.864417 | AI18: {=SUMPRODUCT(AE18:AH18 * AE$3:AH$3) / SUM(AE$3:AH$3)} -> 2.7414241
A19: Intel Core Ultra 5 200 | C19: Intel Core | E19: Ultra 5 | F19: 200 | G19: =AVERAGEIF('CPUs Products'!D$9:D$131,A19,'CPUs Products'!G$9:G$131) -> 12.666667 | H19: =AVERAGEIF('CPUs Products'!D$9:D$131,A19,'CPUs Products'!H$9:H$131) -> 12.666667 | I19: =AVERAGEIF('CPUs Products'!D$9:D$131,A19,'CPUs Products'!I$9:I$131) -> 3.65 | J19: =AVERAGEIF('CPUs Products'!D$9:D$131,A19,'CPUs Products'!J$9:J$131) -> 5.05 | K19: Intel 1851 | L19: B860, H810, W880, Z890 | M19: Lion Cove | N19: =AVERAGEIF('CPUs Products'!D$9:D$131,A19,'CPUs Products'!N$9:N$131) -> 24.666667 | O19: =AVERAGEIF('CPUs Products'!D$9:D$131,A19,'CPUs Products'!O$9:O$131) -> 22.666667 | P19: =AVERAGEIF('CPUs Products'!D$9:D$131,A19,'CPUs Products'!P$9:P$131) -> 85 | Q19: DDR5 | R19: =_xlfn.MAXIFS('CPUs Products'!R$9:R$131,'CPUs Products'!D$9:D$131,A19) -> 192 | S19: 5600, 6400 | T19: =AVERAGEIF('CPUs Products'!D$9:D$131,A19,'CPUs Products'!T$9:T$131) -> 2 | U19: 5 | V19: 24 | W19: 4 | X19: 8 | Y19: =AVERAGEIF('CPUs Products'!D$9:D$131,A19,'CPUs Products'!Y$9:Y$131) -> 288.55833 | Z19: =AVERAGEIF('CPUs Products'!D$9:D$131,A19,'CPUs Products'!Z$9:Z$131) -> 410.95 | AE19: {=(SUMPRODUCT((G19:J19/G$9:J$9)^G$7:J$7 * G$2:J$2) + SUMPRODUCT((N19:P19/N$9:P$9)^N$7:P$7 * N$2:P$2) + (VALUE(TRIM(MID(S19,FIND(",",S19)+1,LEN(S19))))/S$9)^S$7 * S$2 + (T19/T$9)^T$7 * T$2) * AE$9} -> 1.8260068 | AF19: {=(SUMPRODUCT((G19:J19/G$9:J$9)^G$7:J$7 * G$3:J$3) + SUMPRODUCT((N19:P19/N$9:P$9)^N$7:P$7 * N$3:P$3) + (VALUE(TRIM(MID(S19,FIND(",",S19)+1,LEN(S19))))/S$9)^S$7 * S$3 + (T19/T$9)^T$7 * T$3) * AE$9} -> 2.3376952 | AG19: {=(SUMPRODUCT((G19:J19/G$9:J$9)^G$7:J$7 * G$4:J$4) + SUMPRODUCT((N19:P19/N$9:P$9)^N$7:P$7 * N$4:P$4) + (VALUE(TRIM(MID(S19,FIND(",",S19)+1,LEN(S19))))/S$9)^S$7 * S$4 + (T19/T$9)^T$7 * T$4) * AE$9} -> 2.4469399 | AH19: {=(SUMPRODUCT((G19:J19/G$9:J$9)^G$7:J$7 * G$5:J$5) + SUMPRODUCT((N19:P19/N$9:P$9)^N$7:P$7 * N$5:P$5) + (VALUE(TRIM(MID(S19,FIND(",",S19)+1,LEN(S19))))/S$9)^S$7 * S$5 + (T19/T$9)^T$7 * T$5) * AE$9} -> 2.3376952 | AI19: {=SUMPRODUCT(AE19:AH19 * AE$3:AH$3) / SUM(AE$3:AH$3)} -> 2.2364201
A20: Intel Core Ultra 7 200 | C20: Intel Core | E20: Ultra 7 | F20: 200 | G20: =AVERAGEIF('CPUs Products'!D$9:D$131,A20,'CPUs Products'!G$9:G$131) -> 20 | H20: =AVERAGEIF('CPUs Products'!D$9:D$131,A20,'CPUs Products'!H$9:H$131) -> 20 | I20: =AVERAGEIF('CPUs Products'!D$9:D$131,A20,'CPUs Products'!I$9:I$131) -> 2.82 | J20: =AVERAGEIF('CPUs Products'!D$9:D$131,A20,'CPUs Products'!J$9:J$131) -> 5.38 | K20: Intel 1851 | L20: B860, H810, W880, Z890 | M20: Lion Cove | N20: =AVERAGEIF('CPUs Products'!D$9:D$131,A20,'CPUs Products'!N$9:N$131) -> 36 | O20: =AVERAGEIF('CPUs Products'!D$9:D$131,A20,'CPUs Products'!O$9:O$131) -> 30 | P20: =AVERAGEIF('CPUs Products'!D$9:D$131,A20,'CPUs Products'!P$9:P$131) -> 83 | Q20: DDR5 | R20: =_xlfn.MAXIFS('CPUs Products'!R$9:R$131,'CPUs Products'!D$9:D$131,A20) -> 192 | S20: 5600 | T20: =AVERAGEIF('CPUs Products'!D$9:D$131,A20,'CPUs Products'!T$9:T$131) -> 2 | U20: 5 | V20: 24 | W20: 4 | X20: 8 | Y20: =AVERAGEIF('CPUs Products'!D$9:D$131,A20,'CPUs Products'!Y$9:Y$131) -> 390.824 | Z20: =AVERAGEIF('CPUs Products'!D$9:D$131,A20,'CPUs Products'!Z$9:Z$131) -> 580.74 | AE20: {=(SUMPRODUCT((G20:J20/G$9:J$9)^G$7:J$7 * G$2:J$2) + SUMPRODUCT((N20:P20/N$9:P$9)^N$7:P$7 * N$2:P$2) + SUMPRODUCT((S20:T20/S$9:T$9)^S$7:T$7 * S$2:T$2)) * AE$9} -> 2.2728795 | AF20: {=(SUMPRODUCT((G20:J20/G$9:J$9)^G$7:J$7 * G$3:J$3) + SUMPRODUCT((N20:P20/N$9:P$9)^N$7:P$7 * N$3:P$3) + SUMPRODUCT((S20:T20/S$9:T$9)^S$7:T$7 * S$3:T$3)) * AF$9} -> 3.0955444 | AG20: {=(SUMPRODUCT((G20:J20/G$9:J$9)^G$7:J$7 * G$4:J$4) + SUMPRODUCT((N20:P20/N$9:P$9)^N$7:P$7 * N$4:P$4) + SUMPRODUCT((S20:T20/S$9:T$9)^S$7:T$7 * S$4:T$4)) * AF$9} -> 3.3180297 | AH20: {=(SUMPRODUCT((G20:J20/G$9:J$9)^G$7:J$7 * G$5:J$5) + SUMPRODUCT((N20:P20/N$9:P$9)^N$7:P$7 * N$5:P$5) + SUMPRODUCT((S20:T20/S$9:T$9)^S$7:T$7 * S$5:T$5)) * AF$9} -> 3.0955444 | AI20: {=SUMPRODUCT(AE20:AH20 * AE$3:AH$3) / SUM(AE$3:AH$3)} -> 2.9399271
A21: Intel Core Ultra 9 200 | C21: Intel Core | E21: Ultra 9 | F21: 200 | G21: =AVERAGEIF('CPUs Products'!D$9:D$131,A21,'CPUs Products'!G$9:G$131) -> 24 | H21: =AVERAGEIF('CPUs Products'!D$9:D$131,A21,'CPUs Products'!H$9:H$131) -> 24 | I21: =AVERAGEIF('CPUs Products'!D$9:D$131,A21,'CPUs Products'!I$9:I$131) -> 2.5333333 | J21: =AVERAGEIF('CPUs Products'!D$9:D$131,A21,'CPUs Products'!J$9:J$131) -> 5.5666667 | K21: Intel 1851 | L21: B860, H810, W880, Z890 | M21: Lion Cove | N21: =AVERAGEIF('CPUs Products'!D$9:D$131,A21,'CPUs Products'!N$9:N$131) -> 40 | O21: =AVERAGEIF('CPUs Products'!D$9:D$131,A21,'CPUs Products'!O$9:O$131) -> 36 | P21: =AVERAGEIF('CPUs Products'!D$9:D$131,A21,'CPUs Products'!P$9:P$131) -> 75 | Q21: DDR5 | R21: =_xlfn.MAXIFS('CPUs Products'!R$9:R$131,'CPUs Products'!D$9:D$131,A21) -> 192 | S21: 5600 | T21: =AVERAGEIF('CPUs Products'!D$9:D$131,A21,'CPUs Products'!T$9:T$131) -> 2 | U21: 5 | V21: 24 | W21: 4 | X21: 8 | Y21: =AVERAGEIF('CPUs Products'!D$9:D$131,A21,'CPUs Products'!Y$9:Y$131) -> 641.33333 | Z21: =AVERAGEIF('CPUs Products'!D$9:D$131,A21,'CPUs Products'!Z$9:Z$131) -> 905.96667 | AE21: {=(SUMPRODUCT((G21:J21/G$9:J$9)^G$7:J$7 * G$2:J$2) + SUMPRODUCT((N21:P21/N$9:P$9)^N$7:P$7 * N$2:P$2) + SUMPRODUCT((S21:T21/S$9:T$9)^S$7:T$7 * S$2:T$2)) * AE$9} -> 2.5142485 | AF21: {=(SUMPRODUCT((G21:J21/G$9:J$9)^G$7:J$7 * G$3:J$3) + SUMPRODUCT((N21:P21/N$9:P$9)^N$7:P$7 * N$3:P$3) + SUMPRODUCT((S21:T21/S$9:T$9)^S$7:T$7 * S$3:T$3)) * AF$9} -> 3.4765954 | AG21: {=(SUMPRODUCT((G21:J21/G$9:J$9)^G$7:J$7 * G$4:J$4) + SUMPRODUCT((N21:P21/N$9:P$9)^N$7:P$7 * N$4:P$4) + SUMPRODUCT((S21:T21/S$9:T$9)^S$7:T$7 * S$4:T$4)) * AF$9} -> 3.7566571 | AH21: {=(SUMPRODUCT((G21:J21/G$9:J$9)^G$7:J$7 * G$5:J$5) + SUMPRODUCT((N21:P21/N$9:P$9)^N$7:P$7 * N$5:P$5) + SUMPRODUCT((S21:T21/S$9:T$9)^S$7:T$7 * S$5:T$5)) * AF$9} -> 3.4765954 | AI21: {=SUMPRODUCT(AE21:AH21 * AE$3:AH$3) / SUM(AE$3:AH$3)} -> 3.2976017
A22: Intel Core i3 12000 | C22: Intel Core | E22: i3 | F22: 12000 | G22: =AVERAGEIF('CPUs Products'!D$9:D$131,A22,'CPUs Products'!G$9:G$131) -> 4 | H22: =AVERAGEIF('CPUs Products'!D$9:D$131,A22,'CPUs Products'!H$9:H$131) -> 8 | I22: =AVERAGEIF('CPUs Products'!D$9:D$131,A22,'CPUs Products'!I$9:I$131) -> 2.775 | J22: =AVERAGEIF('CPUs Products'!D$9:D$131,A22,'CPUs Products'!J$9:J$131) -> 4.225 | K22: Intel 1700 | L22: B660, B760, H610, H610E, H670, H770, Q670, Q670E, R680E, W680, Z690, Z790 | M22: Golden Cove | N22: =AVERAGEIF('CPUs Products'!D$9:D$131,A22,'CPUs Products'!N$9:N$131) -> 5 | O22: =AVERAGEIF('CPUs Products'!D$9:D$131,A22,'CPUs Products'!O$9:O$131) -> 12 | P22: =AVERAGEIF('CPUs Products'!D$9:D$131,A22,'CPUs Products'!P$9:P$131) -> 47 | Q22: DDR4, ​DDR5 | R22: =_xlfn.MAXIFS('CPUs Products'!R$9:R$131,'CPUs Products'!D$9:D$131,A22) -> 128 | S22: 3200, 4800 | T22: =AVERAGEIF('CPUs Products'!D$9:D$131,A22,'CPUs Products'!T$9:T$131) -> 2 | U22: 5, 4 | V22: 16, 4 | W22: 4 | X22: 8 | Y22: =AVERAGEIF('CPUs Products'!D$9:D$131,A22,'CPUs Products'!Y$9:Y$131) -> 117.2275 | Z22: =AVERAGEIF('CPUs Products'!D$9:D$131,A22,'CPUs Products'!Z$9:Z$131) -> 192.5625 | AE22: {=(SUMPRODUCT((G22:J22/G$9:J$9)^G$7:J$7 * G$2:J$2) + SUMPRODUCT((N22:P22/N$9:P$9)^N$7:P$7 * N$2:P$2) + (VALUE(TRIM(MID(S22,FIND(",",S22)+1,LEN(S22))))/S$9)^S$7 * S$2 + (T22/T$9)^T$7 * T$2) * AE$9} -> 1.0666336 | AF22: {=(SUMPRODUCT((G22:J22/G$9:J$9)^G$7:J$7 * G$3:J$3) + SUMPRODUCT((N22:P22/N$9:P$9)^N$7:P$7 * N$3:P$3) + (VALUE(TRIM(MID(S22,FIND(",",S22)+1,LEN(S22))))/S$9)^S$7 * S$3 + (T22/T$9)^T$7 * T$3) * AE$9} -> 1.1607929 | AG22: {=(SUMPRODUCT((G22:J22/G$9:J$9)^G$7:J$7 * G$4:J$4) + SUMPRODUCT((N22:P22/N$9:P$9)^N$7:P$7 * N$4:P$4) + (VALUE(TRIM(MID(S22,FIND(",",S22)+1,LEN(S22))))/S$9)^S$7 * S$4 + (T22/T$9)^T$7 * T$4) * AE$9} -> 1.1758078 | AH22: {=(SUMPRODUCT((G22:J22/G$9:J$9)^G$7:J$7 * G$5:J$5) + SUMPRODUCT((N22:P22/N$9:P$9)^N$7:P$7 * N$5:P$5) + (VALUE(TRIM(MID(S22,FIND(",",S22)+1,LEN(S22))))/S$9)^S$7 * S$5 + (T22/T$9)^T$7 * T$5) * AE$9} -> 1.1607929 | AI22: {=SUMPRODUCT(AE22:AH22 * AE$3:AH$3) / SUM(AE$3:AH$3)} -> 1.1413738
A23: Intel Core i5 12000 | C23: Intel Core | E23: i5 | F23: 12000 | G23: =AVERAGEIF('CPUs Products'!D$9:D$131,A23,'CPUs Products'!G$9:G$131) -> 6.8888889 | H23: =AVERAGEIF('CPUs Products'!D$9:D$131,A23,'CPUs Products'!H$9:H$131) -> 12.888889 | I23: =AVERAGEIF('CPUs Products'!D$9:D$131,A23,'CPUs Products'!I$9:I$131) -> 2.7333333 | J23: =AVERAGEIF('CPUs Products'!D$9:D$131,A23,'CPUs Products'!J$9:J$131) -> 4.5777778 | K23: Intel 1700 | L23: B660, B760, H610, H610E, H670, H770, Q670, Q670E, R680E, W680, Z690, Z790 | M23: Golden Cove | N23: =AVERAGEIF('CPUs Products'!D$9:D$131,A23,'CPUs Products'!N$9:N$131) -> 7.9444444 | O23: =AVERAGEIF('CPUs Products'!D$9:D$131,A23,'CPUs Products'!O$9:O$131) -> 18.444444 | P23: =AVERAGEIF('CPUs Products'!D$9:D$131,A23,'CPUs Products'!P$9:P$131) -> 68.333333 | Q23: DDR4, ​DDR5 | R23: =_xlfn.MAXIFS('CPUs Products'!R$9:R$131,'CPUs Products'!D$9:D$131,A23) -> 128 | S23: 3200, 4800 | T23: =AVERAGEIF('CPUs Products'!D$9:D$131,A23,'CPUs Products'!T$9:T$131) -> 2 | U23: 5, 4 | V23: 16, 4 | W23: 4 | X23: 8 | Y23: =AVERAGEIF('CPUs Products'!D$9:D$131,A23,'CPUs Products'!Y$9:Y$131) -> 202.71778 | Z23: =AVERAGEIF('CPUs Products'!D$9:D$131,A23,'CPUs Products'!Z$9:Z$131) -> 545.35778 | AE23: {=(SUMPRODUCT((G23:J23/G$9:J$9)^G$7:J$7 * G$2:J$2) + SUMPRODUCT((N23:P23/N$9:P$9)^N$7:P$7 * N$2:P$2) + (VALUE(TRIM(MID(S23,FIND(",",S23)+1,LEN(S23))))/S$9)^S$7 * S$2 + (T23/T$9)^T$7 * T$2) * AE$9} -> 1.3135593 | AF23: {=(SUMPRODUCT((G23:J23/G$9:J$9)^G$7:J$7 * G$3:J$3) + SUMPRODUCT((N23:P23/N$9:P$9)^N$7:P$7 * N$3:P$3) + (VALUE(TRIM(MID(S23,FIND(",",S23)+1,LEN(S23))))/S$9)^S$7 * S$3 + (T23/T$9)^T$7 * T$3) * AE$9} -> 1.5627824 | AG23: {=(SUMPRODUCT((G23:J23/G$9:J$9)^G$7:J$7 * G$4:J$4) + SUMPRODUCT((N23:P23/N$9:P$9)^N$7:P$7 * N$4:P$4) + (VALUE(TRIM(MID(S23,FIND(",",S23)+1,LEN(S23))))/S$9)^S$7 * S$4 + (T23/T$9)^T$7 * T$4) * AE$9} -> 1.6306674 | AH23: {=(SUMPRODUCT((G23:J23/G$9:J$9)^G$7:J$7 * G$5:J$5) + SUMPRODUCT((N23:P23/N$9:P$9)^N$7:P$7 * N$5:P$5) + (VALUE(TRIM(MID(S23,FIND(",",S23)+1,LEN(S23))))/S$9)^S$7 * S$5 + (T23/T$9)^T$7 * T$5) * AE$9} -> 1.5627824 | AI23: {=SUMPRODUCT(AE23:AH23 * AE$3:AH$3) / SUM(AE$3:AH$3)} -> 1.5157132
A24: Intel Core i7 12000 | C24: Intel Core | E24: i7 | F24: 12000 | G24: =AVERAGEIF('CPUs Products'!D$9:D$131,A24,'CPUs Products'!G$9:G$131) -> 12 | H24: =AVERAGEIF('CPUs Products'!D$9:D$131,A24,'CPUs Products'!H$9:H$131) -> 20 | I24: =AVERAGEIF('CPUs Products'!D$9:D$131,A24,'CPUs Products'!I$9:I$131) -> 2.56 | J24: =AVERAGEIF('CPUs Products'!D$9:D$131,A24,'CPUs Products'!J$9:J$131) -> 4.9 | K24: Intel 1700 | L24: B660, B760, H610, H610E, H670, H770, Q670, Q670E, R680E, W680, Z690, Z790 | M24: Golden Cove | N24: =AVERAGEIF('CPUs Products'!D$9:D$131,A24,'CPUs Products'!N$9:N$131) -> 12 | O24: =AVERAGEIF('CPUs Products'!D$9:D$131,A24,'CPUs Products'!O$9:O$131) -> 25 | P24: =AVERAGEIF('CPUs Products'!D$9:D$131,A24,'CPUs Products'!P$9:P$131) -> 83 | Q24: DDR4, ​DDR5 | R24: =_xlfn.MAXIFS('CPUs Products'!R$9:R$131,'CPUs Products'!D$9:D$131,A24) -> 128 | S24: 3200, 4800 | T24: =AVERAGEIF('CPUs Products'!D$9:D$131,A24,'CPUs Products'!T$9:T$131) -> 2 | U24: 5, 4 | V24: 16, 4 | W24: 4 | X24: 8 | Y24: =AVERAGEIF('CPUs Products'!D$9:D$131,A24,'CPUs Products'!Y$9:Y$131) -> 263.778 | Z24: =AVERAGEIF('CPUs Products'!D$9:D$131,A24,'CPUs Products'!Z$9:Z$131) -> 526.716 | AE24: {=(SUMPRODUCT((G24:J24/G$9:J$9)^G$7:J$7 * G$2:J$2) + SUMPRODUCT((N24:P24/N$9:P$9)^N$7:P$7 * N$2:P$2) + (VALUE(TRIM(MID(S24,FIND(",",S24)+1,LEN(S24))))/S$9)^S$7 * S$2 + (T24/T$9)^T$7 * T$2) * AE$9} -> 1.6541138 | AF24: {=(SUMPRODUCT((G24:J24/G$9:J$9)^G$7:J$7 * G$3:J$3) + SUMPRODUCT((N24:P24/N$9:P$9)^N$7:P$7 * N$3:P$3) + (VALUE(TRIM(MID(S24,FIND(",",S24)+1,LEN(S24))))/S$9)^S$7 * S$3 + (T24/T$9)^T$7 * T$3) * AE$9} -> 2.1072127 | AG24: {=(SUMPRODUCT((G24:J24/G$9:J$9)^G$7:J$7 * G$4:J$4) + SUMPRODUCT((N24:P24/N$9:P$9)^N$7:P$7 * N$4:P$4) + (VALUE(TRIM(MID(S24,FIND(",",S24)+1,LEN(S24))))/S$9)^S$7 * S$4 + (T24/T$9)^T$7 * T$4) * AE$9} -> 2.2602211 | AH24: {=(SUMPRODUCT((G24:J24/G$9:J$9)^G$7:J$7 * G$5:J$5) + SUMPRODUCT((N24:P24/N$9:P$9)^N$7:P$7 * N$5:P$5) + (VALUE(TRIM(MID(S24,FIND(",",S24)+1,LEN(S24))))/S$9)^S$7 * S$5 + (T24/T$9)^T$7 * T$5) * AE$9} -> 2.1072127 | AI24: {=SUMPRODUCT(AE24:AH24 * AE$3:AH$3) / SUM(AE$3:AH$3)} -> 2.0261912
A25: Intel Core i9 12000 | C25: Intel Core | E25: i9 | F25: 12000 | G25: =AVERAGEIF('CPUs Products'!D$9:D$131,A25,'CPUs Products'!G$9:G$131) -> 16 | H25: =AVERAGEIF('CPUs Products'!D$9:D$131,A25,'CPUs Products'!H$9:H$131) -> 24 | I25: =AVERAGEIF('CPUs Products'!D$9:D$131,A25,'CPUs Products'!I$9:I$131) -> 2.92 | J25: =AVERAGEIF('CPUs Products'!D$9:D$131,A25,'CPUs Products'!J$9:J$131) -> 5.22 | K25: Intel 1700 | L25: B660, B760, H610, H610E, H670, H770, Q670, Q670E, R680E, W680, Z690, Z790 | M25: Golden Cove | N25: =AVERAGEIF('CPUs Products'!D$9:D$131,A25,'CPUs Products'!N$9:N$131) -> 14 | O25: =AVERAGEIF('CPUs Products'!D$9:D$131,A25,'CPUs Products'!O$9:O$131) -> 30 | P25: =AVERAGEIF('CPUs Products'!D$9:D$131,A25,'CPUs Products'!P$9:P$131) -> 106 | Q25: DDR4, ​DDR5 | R25: =_xlfn.MAXIFS('CPUs Products'!R$9:R$131,'CPUs Products'!D$9:D$131,A25) -> 128 | S25: 3200, 4800 | T25: =AVERAGEIF('CPUs Products'!D$9:D$131,A25,'CPUs Products'!T$9:T$131) -> 2 | U25: 5, 4 | V25: 16, 4 | W25: 4 | X25: 8 | Y25: =AVERAGEIF('CPUs Products'!D$9:D$131,A25,'CPUs Products'!Y$9:Y$131) -> 397.9 | Z25: =AVERAGEIF('CPUs Products'!D$9:D$131,A25,'CPUs Products'!Z$9:Z$131) -> 987.202 | AE25: {=(SUMPRODUCT((G25:J25/G$9:J$9)^G$7:J$7 * G$2:J$2) + SUMPRODUCT((N25:P25/N$9:P$9)^N$7:P$7 * N$2:P$2) + (VALUE(TRIM(MID(S25,FIND(",",S25)+1,LEN(S25))))/S$9)^S$7 * S$2 + (T25/T$9)^T$7 * T$2) * AE$9} -> 1.9032361 | AF25: {=(SUMPRODUCT((G25:J25/G$9:J$9)^G$7:J$7 * G$3:J$3) + SUMPRODUCT((N25:P25/N$9:P$9)^N$7:P$7 * N$3:P$3) + (VALUE(TRIM(MID(S25,FIND(",",S25)+1,LEN(S25))))/S$9)^S$7 * S$3 + (T25/T$9)^T$7 * T$3) * AE$9} -> 2.4642932 | AG25: {=(SUMPRODUCT((G25:J25/G$9:J$9)^G$7:J$7 * G$4:J$4) + SUMPRODUCT((N25:P25/N$9:P$9)^N$7:P$7 * N$4:P$4) + (VALUE(TRIM(MID(S25,FIND(",",S25)+1,LEN(S25))))/S$9)^S$7 * S$4 + (T25/T$9)^T$7 * T$4) * AE$9} -> 2.666971 | AH25: {=(SUMPRODUCT((G25:J25/G$9:J$9)^G$7:J$7 * G$5:J$5) + SUMPRODUCT((N25:P25/N$9:P$9)^N$7:P$7 * N$5:P$5) + (VALUE(TRIM(MID(S25,FIND(",",S25)+1,LEN(S25))))/S$9)^S$7 * S$5 + (T25/T$9)^T$7 * T$5) * AE$9} -> 2.4642932 | AI25: {=SUMPRODUCT(AE25:AH25 * AE$3:AH$3) / SUM(AE$3:AH$3)} -> 2.3659997
A26: Intel Core i3 13000 | C26: Intel Core | E26: i3 | F26: 13000 | G26: =AVERAGEIF('CPUs Products'!D$9:D$131,A26,'CPUs Products'!G$9:G$131) -> 4 | H26: =AVERAGEIF('CPUs Products'!D$9:D$131,A26,'CPUs Products'!H$9:H$131) -> 8 | I26: =AVERAGEIF('CPUs Products'!D$9:D$131,A26,'CPUs Products'!I$9:I$131) -> 3.1 | J26: =AVERAGEIF('CPUs Products'!D$9:D$131,A26,'CPUs Products'!J$9:J$131) -> 4.4 | K26: Intel 1700 | L26: B660, B760, H610, H610E, H670, H770, Q670, Q670E, R680E, W680, Z690, Z790 | M26: Golden Cove | N26: =AVERAGEIF('CPUs Products'!D$9:D$131,A26,'CPUs Products'!N$9:N$131) -> 5 | O26: =AVERAGEIF('CPUs Products'!D$9:D$131,A26,'CPUs Products'!O$9:O$131) -> 12 | P26: =AVERAGEIF('CPUs Products'!D$9:D$131,A26,'CPUs Products'!P$9:P$131) -> 51 | Q26: DDR4, ​DDR5 | R26: =_xlfn.MAXIFS('CPUs Products'!R$9:R$131,'CPUs Products'!D$9:D$131,A26) -> 192 | S26: 3200, 4800 | T26: =AVERAGEIF('CPUs Products'!D$9:D$131,A26,'CPUs Products'!T$9:T$131) -> 2 | U26: 5, 4 | V26: 16, 4 | W26: 4 | X26: 8 | Y26: =AVERAGEIF('CPUs Products'!D$9:D$131,A26,'CPUs Products'!Y$9:Y$131) -> 121.50333 | Z26: =AVERAGEIF('CPUs Products'!D$9:D$131,A26,'CPUs Products'!Z$9:Z$131) -> 203.55667 | AE26: {=(SUMPRODUCT((G26:J26/G$9:J$9)^G$7:J$7 * G$2:J$2) + SUMPRODUCT((N26:P26/N$9:P$9)^N$7:P$7 * N$2:P$2) + (VALUE(TRIM(MID(S26,FIND(",",S26)+1,LEN(S26))))/S$9)^S$7 * S$2 + (T26/T$9)^T$7 * T$2) * AE$9} -> 1.0885944 | AF26: {=(SUMPRODUCT((G26:J26/G$9:J$9)^G$7:J$7 * G$3:J$3) + SUMPRODUCT((N26:P26/N$9:P$9)^N$7:P$7 * N$3:P$3) + (VALUE(TRIM(MID(S26,FIND(",",S26)+1,LEN(S26))))/S$9)^S$7 * S$3 + (T26/T$9)^T$7 * T$3) * AE$9} -> 1.1707316 | AG26: {=(SUMPRODUCT((G26:J26/G$9:J$9)^G$7:J$7 * G$4:J$4) + SUMPRODUCT((N26:P26/N$9:P$9)^N$7:P$7 * N$4:P$4) + (VALUE(TRIM(MID(S26,FIND(",",S26)+1,LEN(S26))))/S$9)^S$7 * S$4 + (T26/T$9)^T$7 * T$4) * AE$9} -> 1.1796007 | AH26: {=(SUMPRODUCT((G26:J26/G$9:J$9)^G$7:J$7 * G$5:J$5) + SUMPRODUCT((N26:P26/N$9:P$9)^N$7:P$7 * N$5:P$5) + (VALUE(TRIM(MID(S26,FIND(",",S26)+1,LEN(S26))))/S$9)^S$7 * S$5 + (T26/T$9)^T$7 * T$5) * AE$9} -> 1.1707316 | AI26: {=SUMPRODUCT(AE26:AH26 * AE$3:AH$3) / SUM(AE$3:AH$3)} -> 1.1531414
A27: Intel Core i5 13000 | C27: Intel Core | E27: i5 | F27: 13000 | G27: =AVERAGEIF('CPUs Products'!D$9:D$131,A27,'CPUs Products'!G$9:G$131) -> 13 | H27: =AVERAGEIF('CPUs Products'!D$9:D$131,A27,'CPUs Products'!H$9:H$131) -> 19 | I27: =AVERAGEIF('CPUs Products'!D$9:D$131,A27,'CPUs Products'!I$9:I$131) -> 2.575 | J27: =AVERAGEIF('CPUs Products'!D$9:D$131,A27,'CPUs Products'!J$9:J$131) -> 4.825 | K27: Intel 1700 | L27: B660, B760, H610, H610E, H670, H770, Q670, Q670E, R680E, W680, Z690, Z790 | M27: Raptor Cove | N27: =AVERAGEIF('CPUs Products'!D$9:D$131,A27,'CPUs Products'!N$9:N$131) -> 13.125 | O27: =AVERAGEIF('CPUs Products'!D$9:D$131,A27,'CPUs Products'!O$9:O$131) -> 23 | P27: =AVERAGEIF('CPUs Products'!D$9:D$131,A27,'CPUs Products'!P$9:P$131) -> 72.5 | Q27: DDR4, ​DDR5 | R27: =_xlfn.MAXIFS('CPUs Products'!R$9:R$131,'CPUs Products'!D$9:D$131,A27) -> 192 | S27: 3200, 4800 | T27: =AVERAGEIF('CPUs Products'!D$9:D$131,A27,'CPUs Products'!T$9:T$131) -> 2 | U27: 5, 4 | V27: 16, 4 | W27: 4 | X27: 8 | Y27: =AVERAGEIF('CPUs Products'!D$9:D$131,A27,'CPUs Products'!Y$9:Y$131) -> 231.76875 | Z27: =AVERAGEIF('CPUs Products'!D$9:D$131,A27,'CPUs Products'!Z$9:Z$131) -> 372.305 | AE27: {=(SUMPRODUCT((G27:J27/G$9:J$9)^G$7:J$7 * G$2:J$2) + SUMPRODUCT((N27:P27/N$9:P$9)^N$7:P$7 * N$2:P$2) + (VALUE(TRIM(MID(S27,FIND(",",S27)+1,LEN(S27))))/S$9)^S$7 * S$2 + (T27/T$9)^T$7 * T$2) * AE$9} -> 1.676937 | AF27: {=(SUMPRODUCT((G27:J27/G$9:J$9)^G$7:J$7 * G$3:J$3) + SUMPRODUCT((N27:P27/N$9:P$9)^N$7:P$7 * N$3:P$3) + (VALUE(TRIM(MID(S27,FIND(",",S27)+1,LEN(S27))))/S$9)^S$7 * S$3 + (T27/T$9)^T$7 * T$3) * AE$9} -> 2.1375399 | AG27: {=(SUMPRODUCT((G27:J27/G$9:J$9)^G$7:J$7 * G$4:J$4) + SUMPRODUCT((N27:P27/N$9:P$9)^N$7:P$7 * N$4:P$4) + (VALUE(TRIM(MID(S27,FIND(",",S27)+1,LEN(S27))))/S$9)^S$7 * S$4 + (T27/T$9)^T$7 * T$4) * AE$9} -> 2.2966444 | AH27: {=(SUMPRODUCT((G27:J27/G$9:J$9)^G$7:J$7 * G$5:J$5) + SUMPRODUCT((N27:P27/N$9:P$9)^N$7:P$7 * N$5:P$5) + (VALUE(TRIM(MID(S27,FIND(",",S27)+1,LEN(S27))))/S$9)^S$7 * S$5 + (T27/T$9)^T$7 * T$5) * AE$9} -> 2.1375399 | AI27: {=SUMPRODUCT(AE27:AH27 * AE$3:AH$3) / SUM(AE$3:AH$3)} -> 2.0557245
A28: Intel Core i7 13000 | C28: Intel Core | E28: i7 | F28: 13000 | G28: =AVERAGEIF('CPUs Products'!D$9:D$131,A28,'CPUs Products'!G$9:G$131) -> 16 | H28: =AVERAGEIF('CPUs Products'!D$9:D$131,A28,'CPUs Products'!H$9:H$131) -> 24 | I28: =AVERAGEIF('CPUs Products'!D$9:D$131,A28,'CPUs Products'!I$9:I$131) -> 2.48 | J28: =AVERAGEIF('CPUs Products'!D$9:D$131,A28,'CPUs Products'!J$9:J$131) -> 5.22 | K28: Intel 1700 | L28: B660, B760, H610, H610E, H670, H770, Q670, Q670E, R680E, W680, Z690, Z790 | M28: Raptor Cove | N28: =AVERAGEIF('CPUs Products'!D$9:D$131,A28,'CPUs Products'!N$9:N$131) -> 24 | O28: =AVERAGEIF('CPUs Products'!D$9:D$131,A28,'CPUs Products'!O$9:O$131) -> 30 | P28: =AVERAGEIF('CPUs Products'!D$9:D$131,A28,'CPUs Products'!P$9:P$131) -> 83 | Q28: DDR4, ​DDR5 | R28: =_xlfn.MAXIFS('CPUs Products'!R$9:R$131,'CPUs Products'!D$9:D$131,A28) -> 192 | S28: 3200, 5600 | T28: =AVERAGEIF('CPUs Products'!D$9:D$131,A28,'CPUs Products'!T$9:T$131) -> 2 | U28: 5, 4 | V28: 16, 4 | W28: 4 | X28: 8 | Y28: =AVERAGEIF('CPUs Products'!D$9:D$131,A28,'CPUs Products'!Y$9:Y$131) -> 368.32 | Z28: =AVERAGEIF('CPUs Products'!D$9:D$131,A28,'CPUs Products'!Z$9:Z$131) -> 561.038 | AE28: {=(SUMPRODUCT((G28:J28/G$9:J$9)^G$7:J$7 * G$2:J$2) + SUMPRODUCT((N28:P28/N$9:P$9)^N$7:P$7 * N$2:P$2) + (VALUE(TRIM(MID(S28,FIND(",",S28)+1,LEN(S28))))/S$9)^S$7 * S$2 + (T28/T$9)^T$7 * T$2) * AE$9} -> 2.026845 | AF28: {=(SUMPRODUCT((G28:J28/G$9:J$9)^G$7:J$7 * G$3:J$3) + SUMPRODUCT((N28:P28/N$9:P$9)^N$7:P$7 * N$3:P$3) + (VALUE(TRIM(MID(S28,FIND(",",S28)+1,LEN(S28))))/S$9)^S$7 * S$3 + (T28/T$9)^T$7 * T$3) * AE$9} -> 2.7216633 | AG28: {=(SUMPRODUCT((G28:J28/G$9:J$9)^G$7:J$7 * G$4:J$4) + SUMPRODUCT((N28:P28/N$9:P$9)^N$7:P$7 * N$4:P$4) + (VALUE(TRIM(MID(S28,FIND(",",S28)+1,LEN(S28))))/S$9)^S$7 * S$4 + (T28/T$9)^T$7 * T$4) * AE$9} -> 2.9298411 | AH28: {=(SUMPRODUCT((G28:J28/G$9:J$9)^G$7:J$7 * G$5:J$5) + SUMPRODUCT((N28:P28/N$9:P$9)^N$7:P$7 * N$5:P$5) + (VALUE(TRIM(MID(S28,FIND(",",S28)+1,LEN(S28))))/S$9)^S$7 * S$5 + (T28/T$9)^T$7 * T$5) * AE$9} -> 2.7216633 | AI28: {=SUMPRODUCT(AE28:AH28 * AE$3:AH$3) / SUM(AE$3:AH$3)} -> 2.593348
A29: Intel Core i9 13000 | C29: Intel Core | E29: i9 | F29: 13000 | G29: =AVERAGEIF('CPUs Products'!D$9:D$131,A29,'CPUs Products'!G$9:G$131) -> 24 | H29: =AVERAGEIF('CPUs Products'!D$9:D$131,A29,'CPUs Products'!H$9:H$131) -> 32 | I29: =AVERAGEIF('CPUs Products'!D$9:D$131,A29,'CPUs Products'!I$9:I$131) -> 2.3833333 | J29: =AVERAGEIF('CPUs Products'!D$9:D$131,A29,'CPUs Products'!J$9:J$131) -> 5.6833333 | K29: Intel 1700 | L29: B660, B760, H610, H610E, H670, H770, Q670, Q670E, R680E, W680, Z690, Z790 | M29: Raptor Cove | N29: =AVERAGEIF('CPUs Products'!D$9:D$131,A29,'CPUs Products'!N$9:N$131) -> 32 | O29: =AVERAGEIF('CPUs Products'!D$9:D$131,A29,'CPUs Products'!O$9:O$131) -> 36 | P29: =AVERAGEIF('CPUs Products'!D$9:D$131,A29,'CPUs Products'!P$9:P$131) -> 94.166667 | Q29: DDR4, ​DDR5 | R29: =_xlfn.MAXIFS('CPUs Products'!R$9:R$131,'CPUs Products'!D$9:D$131,A29) -> 192 | S29: 3200, 5600 | T29: =AVERAGEIF('CPUs Products'!D$9:D$131,A29,'CPUs Products'!T$9:T$131) -> 2 | U29: 5, 4 | V29: 16, 4 | W29: 4 | X29: 8 | Y29: =AVERAGEIF('CPUs Products'!D$9:D$131,A29,'CPUs Products'!Y$9:Y$131) -> 531.35167 | Z29: =AVERAGEIF('CPUs Products'!D$9:D$131,A29,'CPUs Products'!Z$9:Z$131) -> 1112.3317 | AE29: {=(SUMPRODUCT((G29:J29/G$9:J$9)^G$7:J$7 * G$2:J$2) + SUMPRODUCT((N29:P29/N$9:P$9)^N$7:P$7 * N$2:P$2) + (VALUE(TRIM(MID(S29,FIND(",",S29)+1,LEN(S29))))/S$9)^S$7 * S$2 + (T29/T$9)^T$7 * T$2) * AE$9} -> 2.4843592 | AF29: {=(SUMPRODUCT((G29:J29/G$9:J$9)^G$7:J$7 * G$3:J$3) + SUMPRODUCT((N29:P29/N$9:P$9)^N$7:P$7 * N$3:P$3) + (VALUE(TRIM(MID(S29,FIND(",",S29)+1,LEN(S29))))/S$9)^S$7 * S$3 + (T29/T$9)^T$7 * T$3) * AE$9} -> 3.4319747 | AG29: {=(SUMPRODUCT((G29:J29/G$9:J$9)^G$7:J$7 * G$4:J$4) + SUMPRODUCT((N29:P29/N$9:P$9)^N$7:P$7 * N$4:P$4) + (VALUE(TRIM(MID(S29,FIND(",",S29)+1,LEN(S29))))/S$9)^S$7 * S$4 + (T29/T$9)^T$7 * T$4) * AE$9} -> 3.7477625 | AH29: {=(SUMPRODUCT((G29:J29/G$9:J$9)^G$7:J$7 * G$5:J$5) + SUMPRODUCT((N29:P29/N$9:P$9)^N$7:P$7 * N$5:P$5) + (VALUE(TRIM(MID(S29,FIND(",",S29)+1,LEN(S29))))/S$9)^S$7 * S$5 + (T29/T$9)^T$7 * T$5) * AE$9} -> 3.4319747 | AI29: {=SUMPRODUCT(AE29:AH29 * AE$3:AH$3) / SUM(AE$3:AH$3)} -> 3.261877
A30: Intel Core i3 14000 | C30: Intel Core | E30: i3 | F30: 14000 | G30: =AVERAGEIF('CPUs Products'!D$9:D$131,A30,'CPUs Products'!G$9:G$131) -> 4 | H30: =AVERAGEIF('CPUs Products'!D$9:D$131,A30,'CPUs Products'!H$9:H$131) -> 8 | I30: =AVERAGEIF('CPUs Products'!D$9:D$131,A30,'CPUs Products'!I$9:I$131) -> 3.2333333 | J30: =AVERAGEIF('CPUs Products'!D$9:D$131,A30,'CPUs Products'!J$9:J$131) -> 4.6 | K30: Intel 1700 | L30: B660, B760, H610, H610E, H670, H770, Q670, Q670E, R680E, W680, Z690, Z790 | M30: Golden Cove | N30: =AVERAGEIF('CPUs Products'!D$9:D$131,A30,'CPUs Products'!N$9:N$131) -> 5 | O30: =AVERAGEIF('CPUs Products'!D$9:D$131,A30,'CPUs Products'!O$9:O$131) -> 12 | P30: =AVERAGEIF('CPUs Products'!D$9:D$131,A30,'CPUs Products'!P$9:P$131) -> 51 | Q30: DDR4, ​DDR5 | R30: =_xlfn.MAXIFS('CPUs Products'!R$9:R$131,'CPUs Products'!D$9:D$131,A30) -> 192 | S30: 3200, 4800 | T30: =AVERAGEIF('CPUs Products'!D$9:D$131,A30,'CPUs Products'!T$9:T$131) -> 2 | U30: 5, 4 | V30: 16, 4 | W30: 4 | X30: 8 | Y30: =AVERAGEIF('CPUs Products'!D$9:D$131,A30,'CPUs Products'!Y$9:Y$131) -> 121.60667 | Z30: =AVERAGEIF('CPUs Products'!D$9:D$131,A30,'CPUs Products'!Z$9:Z$131) -> 218.72333 | AE30: {=(SUMPRODUCT((G30:J30/G$9:J$9)^G$7:J$7 * G$2:J$2) + SUMPRODUCT((N30:P30/N$9:P$9)^N$7:P$7 * N$2:P$2) + (VALUE(TRIM(MID(S30,FIND(",",S30)+1,LEN(S30))))/S$9)^S$7 * S$2 + (T30/T$9)^T$7 * T$2) * AE$9} -> 1.1071658 | AF30: {=(SUMPRODUCT((G30:J30/G$9:J$9)^G$7:J$7 * G$3:J$3) + SUMPRODUCT((N30:P30/N$9:P$9)^N$7:P$7 * N$3:P$3) + (VALUE(TRIM(MID(S30,FIND(",",S30)+1,LEN(S30))))/S$9)^S$7 * S$3 + (T30/T$9)^T$7 * T$3) * AE$9} -> 1.1788269 | AG30: {=(SUMPRODUCT((G30:J30/G$9:J$9)^G$7:J$7 * G$4:J$4) + SUMPRODUCT((N30:P30/N$9:P$9)^N$7:P$7 * N$4:P$4) + (VALUE(TRIM(MID(S30,FIND(",",S30)+1,LEN(S30))))/S$9)^S$7 * S$4 + (T30/T$9)^T$7 * T$4) * AE$9} -> 1.1836483 | AH30: {=(SUMPRODUCT((G30:J30/G$9:J$9)^G$7:J$7 * G$5:J$5) + SUMPRODUCT((N30:P30/N$9:P$9)^N$7:P$7 * N$5:P$5) + (VALUE(TRIM(MID(S30,FIND(",",S30)+1,LEN(S30))))/S$9)^S$7 * S$5 + (T30/T$9)^T$7 * T$5) * AE$9} -> 1.1788269 | AI30: {=SUMPRODUCT(AE30:AH30 * AE$3:AH$3) / SUM(AE$3:AH$3)} -> 1.1630315
